Employee_ID,Age,Education_Level,Years_of_Experience,Programming_Skill,Python_Score,ML_Theory_Score,Project_Score,Attendance_Percentage,Internship_Performance
1001,26,PhD,7,Advanced,64,98,88,92,Good
1002,39,Diploma,3,Intermediate,84,69,71,95,Excellent
1003,34,Bachelors,7,Intermediate,90,41,46,77,Good
1004,30,Masters,3,Intermediate,97,52,60,96,Excellent
1005,27,Masters,2,Advanced,58,76,59,78,Average
1006,40,Bachelors,2,Beginner,94,73,65,87,Excellent
1007,26,PhD,17,Advanced,85,75,43,99,Average
1008,38,Masters,18,Advanced,75,58,85,79,Excellent
1009,42,Masters,18,Beginner,84,94,91,92,Poor
1010,30,Masters,4,Beginner,47,80,61,71,Good
1011,30,Bachelors,17,Beginner,68,53,54,74,Poor
1012,43,Diploma,9,Intermediate,94,76,95,98,Excellent
1013,40,Masters,5,Beginner,92,66,79,61,Excellent
1014,23,Diploma,0,Advanced,94,73,60,88,Excellent
1015,27,PhD,4,Beginner,71,70,54,69,Average
1016,43,Masters,8,Advanced,90,70,61,61,Good
1017,22,Masters,11,Intermediate,83,37,91,70,Good
1018,41,PhD,13,Advanced,57,42,67,72,Excellent
1019,40,Masters,1,Advanced,45,75,53,69,Excellent
1020,21,Diploma,16,Beginner,57,47,66,73,Average
1021,43,Bachelors,13,Beginner,58,83,80,77,Poor
1022,31,Diploma,12,Advanced,61,94,79,68,Poor
1023,25,Bachelors,8,Beginner,76,36,97,98,Good
1024,21,Bachelors,14,Intermediate,71,94,67,87,Average
1025,40,Diploma,14,Intermediate,95,39,65,62,Excellent
1026,20,Diploma,10,Beginner,80,78,88,79,Good
1027,31,Diploma,15,Intermediate,98,61,41,65,Average
1028,41,Diploma,16,Beginner,42,66,64,86,Poor
1029,31,PhD,3,Advanced,67,55,95,61,Average
1030,44,Masters,0,Advanced,49,42,42,88,Poor
1031,36,Bachelors,7,Intermediate,90,84,47,97,Average
1032,29,Diploma,16,Beginner,74,78,83,62,Good
1033,35,Diploma,2,Beginner,68,92,72,75,Poor
1034,34,Diploma,19,Intermediate,93,37,81,89,Good
1035,34,PhD,14,Advanced,54,36,91,99,Good
1036,38,Diploma,14,Intermediate,72,78,74,61,Poor
1037,31,Diploma,13,Advanced,46,36,45,76,Poor
1038,42,Diploma,13,Beginner,51,69,78,71,Excellent
1039,39,Masters,1,Advanced,88,64,91,94,Excellent
1040,44,PhD,12,Intermediate,69,42,62,60,Excellent
1041,22,Diploma,13,Beginner,60,56,64,74,Good
1042,24,Bachelors,18,Intermediate,70,78,98,85,Good
1043,38,Bachelors,6,Intermediate,97,92,89,96,Excellent
1044,26,Bachelors,2,Advanced,63,70,82,80,Good
1045,40,PhD,14,Intermediate,59,65,58,90,Good
1046,28,PhD,13,Advanced,76,81,44,84,Poor
1047,26,Bachelors,10,Beginner,43,89,90,82,Poor
1048,37,Diploma,14,Advanced,67,96,50,83,Good
1049,23,PhD,12,Beginner,83,64,95,97,Excellent
1050,44,Bachelors,17,Advanced,59,89,51,87,Average
1051,33,Bachelors,5,Intermediate,99,50,49,80,Excellent
1052,37,Diploma,2,Advanced,63,46,47,77,Average
1053,28,Masters,18,Advanced,89,51,63,95,Excellent
1054,40,PhD,14,Beginner,88,50,99,94,Poor
1055,21,Diploma,4,Intermediate,90,46,67,68,Good
1056,39,Bachelors,9,Advanced,71,42,80,97,Good
1057,34,Bachelors,6,Intermediate,80,37,75,89,Poor
1058,26,Diploma,16,Advanced,75,50,76,93,Average
1059,31,PhD,6,Advanced,97,64,60,91,Average
1060,27,Masters,11,Intermediate,92,57,47,62,Average
1061,34,Masters,16,Advanced,73,39,94,62,Poor
1062,22,Bachelors,12,Intermediate,75,99,48,87,Average
1063,33,PhD,19,Advanced,41,64,86,74,Poor
1064,36,Masters,3,Beginner,54,55,54,82,Excellent
1065,23,PhD,9,Intermediate,73,56,87,99,Excellent
1066,37,PhD,2,Advanced,75,66,85,70,Poor
1067,27,Bachelors,8,Advanced,45,67,79,91,Good
1068,23,Masters,12,Beginner,78,50,57,95,Excellent
1069,21,Diploma,17,Intermediate,81,72,81,92,Average
1070,25,Bachelors,14,Advanced,90,48,99,83,Poor
1071,41,Masters,3,Beginner,90,70,59,98,Average
1072,29,Masters,14,Advanced,97,57,45,93,Average
1073,23,Masters,1,Intermediate,93,36,51,87,Good
1074,41,Masters,14,Advanced,51,99,41,96,Average
1075,37,Masters,7,Advanced,42,86,46,66,Good
1076,31,PhD,7,Advanced,84,96,55,63,Excellent
1077,21,Bachelors,16,Advanced,57,57,42,96,Poor
1078,29,PhD,11,Beginner,79,60,84,60,Average
1079,23,Diploma,18,Beginner,60,89,42,60,Poor
1080,33,Masters,9,Intermediate,54,40,66,79,Average
1081,35,Bachelors,8,Beginner,72,69,89,78,Poor
1082,34,Masters,4,Beginner,74,56,82,88,Average
1083,27,Bachelors,5,Intermediate,65,77,79,69,Average
1084,33,PhD,19,Beginner,47,49,77,77,Average
1085,42,Bachelors,1,Beginner,75,94,72,87,Average
1086,44,Diploma,12,Intermediate,87,46,67,94,Average
1087,27,Diploma,5,Intermediate,69,83,40,90,Average
1088,40,Bachelors,4,Intermediate,62,76,94,86,Average
1089,35,Bachelors,0,Advanced,81,72,47,70,Average
1090,32,Bachelors,5,Advanced,83,79,76,97,Average
1091,37,Bachelors,5,Intermediate,53,69,71,64,Poor
1092,34,Diploma,15,Intermediate,53,64,99,67,Good
1093,40,Masters,3,Intermediate,41,64,87,93,Average
1094,43,Bachelors,10,Advanced,94,40,82,71,Good
1095,44,Bachelors,8,Advanced,76,41,76,97,Average
1096,32,Diploma,2,Beginner,44,86,43,60,Average
1097,28,Diploma,18,Beginner,77,48,69,90,Poor
1098,34,PhD,7,Intermediate,84,49,45,63,Excellent
1099,32,Bachelors,4,Advanced,80,55,85,64,Excellent
1100,20,PhD,3,Advanced,93,69,93,89,Poor
1101,44,Diploma,5,Advanced,99,36,58,83,Good
1102,26,Diploma,1,Intermediate,86,69,71,62,Excellent
1103,28,Masters,19,Beginner,53,54,48,70,Poor
1104,43,Bachelors,10,Intermediate,95,44,51,63,Poor
1105,20,PhD,3,Beginner,78,59,50,85,Excellent
1106,31,Diploma,14,Beginner,64,59,85,86,Good
1107,27,Diploma,5,Intermediate,59,88,94,86,Poor
1108,43,PhD,16,Beginner,41,67,55,65,Average
1109,30,Masters,5,Beginner,78,70,40,74,Good
1110,38,Diploma,18,Advanced,45,48,84,89,Good
1111,36,Bachelors,1,Beginner,56,99,94,96,Excellent
1112,27,Diploma,14,Intermediate,98,88,92,96,Excellent
1113,22,Bachelors,10,Intermediate,64,86,60,96,Average
1114,22,PhD,7,Beginner,96,37,69,94,Poor
1115,20,Bachelors,18,Advanced,67,75,52,82,Excellent
1116,24,PhD,12,Advanced,41,40,73,65,Excellent
1117,29,Bachelors,11,Beginner,74,59,43,63,Good
1118,26,PhD,4,Beginner,76,47,67,77,Excellent
1119,28,Bachelors,5,Intermediate,44,42,77,68,Excellent
1120,26,Masters,3,Beginner,40,55,97,88,Excellent
1121,28,Bachelors,18,Advanced,79,59,70,72,Excellent
1122,27,Bachelors,19,Beginner,51,79,98,76,Good
1123,31,Masters,0,Intermediate,95,94,94,91,Average
1124,21,Diploma,19,Intermediate,75,46,66,81,Average
1125,20,Diploma,16,Intermediate,84,66,44,63,Poor
1126,35,Bachelors,11,Intermediate,62,47,64,64,Excellent
1127,42,Masters,14,Intermediate,86,65,42,96,Good
1128,42,Bachelors,0,Beginner,70,54,72,72,Poor
1129,43,PhD,13,Beginner,50,52,43,93,Poor
1130,24,PhD,5,Beginner,49,94,64,81,Average
1131,22,Bachelors,4,Beginner,42,97,59,82,Good
1132,31,Diploma,10,Intermediate,93,40,73,62,Good
1133,27,Diploma,3,Advanced,53,66,65,93,Good
1134,41,Bachelors,12,Beginner,55,77,44,91,Average
1135,22,Bachelors,10,Advanced,49,36,74,80,Average
1136,20,PhD,2,Beginner,68,94,67,80,Average
1137,22,Diploma,0,Beginner,49,57,68,70,Average
1138,24,Bachelors,5,Advanced,51,65,48,98,Average
1139,34,PhD,17,Intermediate,69,39,91,63,Excellent
1140,33,Diploma,9,Beginner,80,68,77,60,Excellent
1141,22,Masters,4,Beginner,40,44,89,87,Good
1142,20,PhD,9,Beginner,44,36,45,83,Poor
1143,24,Diploma,11,Advanced,59,45,58,94,Good
1144,42,Diploma,1,Intermediate,47,84,99,72,Poor
1145,33,PhD,12,Advanced,82,65,83,93,Average
1146,26,Masters,7,Advanced,51,90,96,70,Poor
1147,28,PhD,1,Intermediate,40,43,50,95,Good
1148,34,Diploma,19,Advanced,96,55,41,76,Good
1149,34,Bachelors,0,Intermediate,93,62,86,94,Poor
1150,29,Bachelors,4,Beginner,59,96,83,77,Excellent
1151,32,PhD,8,Intermediate,67,41,83,99,Average
1152,38,Diploma,16,Beginner,96,50,48,81,Average
1153,26,Bachelors,8,Advanced,82,38,60,83,Good
1154,36,Diploma,10,Advanced,76,38,63,78,Excellent
1155,39,PhD,14,Beginner,86,74,73,96,Poor
1156,23,Bachelors,5,Advanced,76,51,61,98,Average
1157,24,Diploma,2,Intermediate,51,86,42,80,Excellent
1158,42,Bachelors,16,Beginner,76,86,51,67,Average
1159,26,PhD,4,Advanced,88,70,67,87,Excellent
1160,32,Diploma,11,Beginner,88,72,69,64,Excellent
1161,34,Bachelors,17,Intermediate,95,84,65,76,Good
1162,30,PhD,13,Intermediate,83,97,87,96,Average
1163,23,Bachelors,10,Advanced,95,97,60,95,Poor
1164,32,Bachelors,8,Intermediate,67,96,67,78,Good
1165,26,Masters,1,Beginner,86,41,95,86,Good
1166,38,Masters,11,Intermediate,54,61,65,93,Poor
1167,41,PhD,2,Beginner,45,48,72,70,Good
1168,21,Masters,2,Beginner,83,39,60,71,Excellent
1169,29,PhD,0,Intermediate,98,89,74,80,Excellent
1170,32,Masters,7,Advanced,59,36,91,70,Average
1171,44,Bachelors,7,Intermediate,89,96,73,98,Average
1172,40,PhD,10,Beginner,53,55,80,87,Poor
1173,25,PhD,8,Beginner,41,55,90,64,Average
1174,31,Bachelors,4,Intermediate,48,44,86,76,Excellent
1175,31,PhD,13,Advanced,76,92,57,79,Poor
1176,39,PhD,2,Advanced,59,73,97,71,Poor
1177,30,Masters,4,Beginner,65,39,50,65,Average
1178,42,PhD,4,Beginner,68,99,96,76,Excellent
1179,44,Diploma,18,Advanced,40,47,62,78,Poor
1180,26,Bachelors,13,Intermediate,94,87,87,85,Excellent
1181,20,Masters,3,Beginner,74,79,61,91,Excellent
1182,20,Masters,12,Beginner,45,66,56,65,Excellent
1183,44,Diploma,9,Advanced,76,70,44,95,Average
1184,44,Bachelors,17,Intermediate,92,94,83,97,Good
1185,39,Bachelors,7,Advanced,98,45,50,70,Good
1186,32,Masters,7,Intermediate,44,97,69,92,Poor
1187,28,PhD,6,Intermediate,72,55,54,83,Excellent
1188,22,Masters,7,Intermediate,88,86,66,82,Average
1189,26,Bachelors,13,Beginner,90,89,74,74,Excellent
1190,25,Diploma,18,Advanced,53,60,72,86,Excellent
1191,27,Masters,5,Advanced,51,68,59,70,Average
1192,28,Bachelors,0,Intermediate,81,86,55,76,Good
1193,24,Masters,14,Beginner,59,86,73,73,Excellent
1194,20,PhD,0,Beginner,92,63,41,86,Excellent
1195,38,Masters,16,Advanced,89,72,74,77,Good
1196,29,Masters,0,Beginner,63,76,79,87,Average
1197,31,Bachelors,14,Beginner,98,55,95,63,Poor
1198,43,Bachelors,1,Intermediate,82,76,67,66,Good
1199,34,Bachelors,13,Beginner,73,47,86,94,Poor
1200,41,Masters,7,Intermediate,64,98,78,68,Poor
1201,43,PhD,7,Advanced,89,51,45,67,Good
1202,28,Diploma,18,Beginner,68,43,48,76,Excellent
1203,39,Diploma,6,Advanced,96,75,59,76,Poor
1204,36,Bachelors,18,Advanced,78,35,99,92,Poor
1205,36,Bachelors,5,Beginner,70,36,40,91,Average
1206,39,Masters,5,Beginner,95,94,47,67,Excellent
1207,31,Diploma,2,Advanced,86,82,94,78,Poor
1208,26,Bachelors,6,Beginner,82,63,62,97,Average
1209,21,PhD,18,Intermediate,89,44,42,62,Excellent
1210,22,PhD,7,Intermediate,62,92,43,64,Good
1211,36,Bachelors,9,Beginner,83,94,97,72,Good
1212,24,Bachelors,19,Advanced,77,55,64,90,Average
1213,36,Diploma,14,Beginner,59,62,86,75,Good
1214,43,Diploma,14,Beginner,62,68,77,91,Poor
1215,36,Masters,0,Advanced,84,42,54,81,Excellent
1216,36,Diploma,19,Advanced,91,93,60,88,Poor
1217,21,PhD,6,Intermediate,55,83,74,81,Poor
1218,21,PhD,3,Advanced,89,51,96,62,Good
1219,41,Bachelors,5,Intermediate,81,94,92,69,Poor
1220,42,Diploma,0,Advanced,99,79,92,80,Good
1221,24,Masters,4,Beginner,94,66,85,75,Excellent
1222,20,PhD,0,Intermediate,47,78,91,71,Excellent
1223,20,PhD,3,Intermediate,89,99,53,61,Poor
1224,38,Masters,1,Intermediate,60,42,75,83,Average
1225,21,Masters,9,Beginner,40,77,51,94,Good
1226,40,PhD,4,Beginner,94,35,56,89,Good
1227,31,PhD,9,Beginner,47,85,78,89,Poor
1228,25,Masters,0,Beginner,68,58,48,94,Good
1229,42,PhD,5,Beginner,71,58,74,78,Good
1230,23,Bachelors,12,Intermediate,77,51,99,67,Average
1231,42,Bachelors,14,Beginner,44,39,52,85,Average
1232,30,Masters,3,Intermediate,86,54,54,99,Poor
1233,43,Diploma,12,Beginner,61,55,57,66,Average
1234,36,Masters,19,Advanced,86,92,90,89,Poor
1235,25,Masters,14,Intermediate,73,65,72,66,Excellent
1236,43,Diploma,7,Advanced,40,45,45,62,Poor
1237,24,Diploma,4,Intermediate,94,86,98,60,Excellent
1238,39,Diploma,14,Advanced,94,49,66,95,Poor
1239,21,Bachelors,3,Beginner,65,41,62,84,Good
1240,25,PhD,11,Beginner,82,62,98,96,Average
1241,41,Bachelors,12,Beginner,49,85,66,60,Excellent
1242,30,PhD,1,Intermediate,69,92,73,74,Poor
1243,35,Bachelors,18,Advanced,89,39,95,96,Average
1244,35,PhD,18,Beginner,57,39,85,72,Poor
1245,20,Bachelors,3,Advanced,56,42,77,99,Average
1246,28,Diploma,3,Advanced,65,98,53,67,Average
1247,25,Masters,10,Beginner,47,44,75,64,Poor
1248,35,Bachelors,4,Beginner,86,72,92,68,Excellent
1249,22,PhD,19,Advanced,79,42,47,60,Excellent
1250,39,Diploma,10,Beginner,88,59,74,95,Good
1251,23,Bachelors,9,Beginner,51,84,58,94,Average
1252,38,Bachelors,7,Beginner,66,83,69,61,Good
1253,22,Diploma,5,Intermediate,47,70,53,99,Good
1254,38,Bachelors,5,Advanced,64,75,98,82,Poor
1255,39,Masters,7,Advanced,85,96,59,68,Poor
1256,26,Bachelors,14,Intermediate,43,44,88,93,Poor
1257,39,Masters,13,Advanced,72,55,64,73,Average
1258,28,Masters,10,Beginner,40,70,79,63,Poor
1259,20,Diploma,11,Advanced,58,46,63,89,Poor
1260,27,Bachelors,12,Beginner,70,36,53,90,Average
1261,26,Diploma,7,Intermediate,55,47,65,97,Average
1262,37,Bachelors,17,Beginner,53,87,77,70,Excellent
1263,27,Bachelors,0,Advanced,92,66,62,94,Poor
1264,20,PhD,14,Advanced,87,50,61,67,Poor
1265,30,Bachelors,7,Advanced,44,66,87,62,Poor
1266,44,Diploma,10,Intermediate,80,66,96,73,Excellent
1267,44,Masters,11,Intermediate,65,45,58,72,Poor
1268,37,Bachelors,11,Advanced,67,44,85,91,Excellent
1269,42,PhD,3,Beginner,41,49,90,93,Good
1270,29,Diploma,15,Intermediate,89,51,42,78,Excellent
1271,22,Bachelors,3,Advanced,45,74,81,97,Good
1272,26,Diploma,4,Advanced,48,52,58,75,Poor
1273,35,PhD,4,Intermediate,72,89,48,61,Good
1274,35,PhD,7,Intermediate,80,59,67,99,Excellent
1275,44,Diploma,9,Intermediate,64,93,59,76,Average
1276,39,Bachelors,16,Beginner,87,56,84,93,Good
1277,36,Masters,8,Beginner,52,64,46,75,Good
1278,21,PhD,18,Advanced,48,78,53,97,Poor
1279,20,Bachelors,13,Intermediate,92,66,48,61,Excellent
1280,35,Bachelors,7,Beginner,52,85,98,61,Good
1281,31,Masters,8,Intermediate,70,80,99,85,Good
1282,24,PhD,10,Advanced,80,55,94,72,Good
1283,24,PhD,0,Beginner,50,66,96,90,Good
1284,42,Bachelors,13,Beginner,43,73,99,93,Average
1285,28,Bachelors,4,Beginner,73,46,58,98,Excellent
1286,28,Masters,13,Advanced,77,81,86,62,Poor
1287,22,Masters,3,Intermediate,85,52,91,67,Poor
1288,38,PhD,0,Beginner,43,55,53,82,Average
1289,35,Diploma,18,Advanced,77,47,95,73,Excellent
1290,35,PhD,7,Intermediate,58,55,77,86,Good
1291,22,Bachelors,14,Advanced,45,42,92,88,Average
1292,39,PhD,14,Intermediate,73,80,75,98,Excellent
1293,43,Diploma,8,Advanced,57,41,79,98,Good
1294,41,Masters,8,Intermediate,52,57,56,60,Average
1295,43,Diploma,9,Beginner,80,56,69,76,Excellent
1296,20,Diploma,19,Intermediate,62,56,48,89,Poor
1297,43,Diploma,8,Advanced,58,63,72,72,Poor
1298,39,Masters,2,Advanced,84,47,95,80,Excellent
1299,30,Diploma,19,Intermediate,50,36,91,78,Poor
1300,36,Diploma,10,Beginner,40,63,64,78,Excellent
1301,27,Diploma,5,Beginner,63,86,53,84,Good
1302,23,Bachelors,1,Intermediate,93,61,50,81,Excellent
1303,25,Diploma,6,Intermediate,46,84,92,90,Good
1304,27,Masters,17,Advanced,64,57,74,76,Average
1305,39,Diploma,1,Beginner,60,78,80,82,Excellent
1306,22,Diploma,16,Intermediate,54,56,98,91,Average
1307,35,Masters,10,Beginner,40,77,53,69,Poor
1308,44,Diploma,11,Intermediate,51,71,69,69,Good
1309,22,Masters,18,Intermediate,97,95,80,95,Excellent
1310,44,Diploma,6,Beginner,46,90,43,67,Average
1311,37,Masters,19,Intermediate,54,37,98,79,Good
1312,33,Diploma,5,Intermediate,60,97,43,91,Good
1313,37,Diploma,0,Advanced,58,53,67,73,Poor
1314,21,Bachelors,16,Intermediate,99,57,47,87,Poor
1315,41,Bachelors,10,Intermediate,68,63,41,83,Good
1316,22,Diploma,17,Intermediate,64,64,80,74,Good
1317,35,Diploma,16,Advanced,72,73,85,81,Excellent
1318,28,PhD,6,Beginner,88,59,61,89,Good
1319,23,Masters,16,Advanced,71,42,80,63,Excellent
1320,20,PhD,19,Advanced,88,92,95,72,Good
1321,23,Bachelors,8,Beginner,74,50,94,82,Poor
1322,20,Bachelors,16,Advanced,83,35,55,67,Excellent
1323,33,Bachelors,19,Beginner,77,39,68,77,Average
1324,40,Bachelors,7,Advanced,65,37,88,71,Poor
1325,35,Diploma,16,Beginner,50,99,87,90,Excellent
1326,39,Bachelors,6,Intermediate,74,38,69,73,Excellent
1327,43,Diploma,0,Advanced,47,98,51,93,Average
1328,27,Diploma,12,Advanced,85,44,74,77,Excellent
1329,26,Bachelors,18,Advanced,53,55,50,93,Good
1330,22,Bachelors,18,Advanced,49,80,85,70,Average
1331,36,Masters,16,Intermediate,41,61,89,71,Poor
1332,20,PhD,12,Advanced,85,75,60,74,Poor
1333,35,Bachelors,15,Intermediate,48,47,60,90,Good
1334,31,Masters,7,Intermediate,42,43,44,88,Poor
1335,38,Masters,18,Intermediate,60,70,87,85,Excellent
1336,41,PhD,17,Intermediate,65,92,59,77,Excellent
1337,42,Diploma,0,Beginner,47,88,76,91,Good
1338,41,Bachelors,13,Beginner,87,46,42,81,Poor
1339,33,PhD,18,Advanced,41,48,83,97,Poor
1340,25,Bachelors,14,Beginner,45,68,72,76,Good
1341,25,Masters,17,Beginner,67,87,92,82,Average
1342,32,Masters,1,Advanced,92,54,48,83,Poor
1343,38,Diploma,16,Advanced,68,50,48,67,Average
1344,41,Masters,17,Advanced,65,90,43,65,Poor
1345,27,Masters,5,Beginner,64,92,74,64,Poor
1346,21,PhD,18,Beginner,51,38,56,88,Poor
1347,40,Bachelors,3,Advanced,44,38,73,87,Poor
1348,20,Bachelors,0,Intermediate,73,54,63,70,Excellent
1349,34,PhD,7,Advanced,87,44,71,60,Average
1350,20,Diploma,6,Intermediate,76,58,40,78,Average
1351,24,Bachelors,2,Intermediate,54,60,47,68,Poor
1352,35,Masters,9,Advanced,83,71,84,86,Poor
1353,38,Bachelors,9,Advanced,75,88,62,93,Average
1354,23,Masters,18,Advanced,54,55,86,63,Excellent
1355,22,Diploma,13,Beginner,82,72,79,95,Good
1356,36,PhD,1,Intermediate,87,80,51,77,Good
1357,36,Bachelors,0,Beginner,62,38,93,74,Average
1358,31,PhD,17,Beginner,45,94,51,72,Poor
1359,33,Bachelors,6,Advanced,85,91,85,78,Poor
1360,40,Masters,7,Beginner,89,79,86,65,Excellent
1361,25,PhD,0,Advanced,83,54,54,71,Good
1362,22,Bachelors,2,Intermediate,98,51,80,96,Excellent
1363,28,Masters,7,Advanced,82,38,58,76,Good
1364,24,PhD,14,Beginner,84,48,65,82,Average
1365,43,PhD,4,Beginner,60,37,91,85,Good
1366,36,Bachelors,2,Advanced,62,92,68,88,Excellent
1367,33,Bachelors,18,Advanced,82,89,61,92,Excellent
1368,40,Bachelors,0,Beginner,94,38,79,86,Excellent
1369,22,Masters,14,Intermediate,55,58,60,84,Average
1370,20,Bachelors,7,Intermediate,86,68,90,69,Good
1371,39,PhD,1,Advanced,92,64,77,82,Good
1372,40,PhD,2,Intermediate,99,53,59,80,Excellent
1373,42,Bachelors,13,Beginner,54,65,96,80,Good
1374,20,Bachelors,13,Advanced,64,94,68,72,Poor
1375,22,Diploma,10,Beginner,75,94,90,96,Poor
1376,37,PhD,15,Beginner,50,53,43,92,Poor
1377,44,Masters,3,Intermediate,90,83,94,83,Good
1378,29,Diploma,19,Advanced,54,97,46,70,Average
1379,41,Bachelors,4,Advanced,43,56,67,76,Average
1380,22,Bachelors,13,Intermediate,60,58,67,63,Average
1381,27,PhD,15,Beginner,52,64,43,84,Average
1382,33,Bachelors,17,Beginner,61,92,61,89,Poor
1383,43,Masters,6,Beginner,58,65,51,68,Poor
1384,37,PhD,9,Beginner,73,98,84,80,Excellent
1385,34,Bachelors,6,Advanced,53,53,42,79,Good
1386,41,PhD,0,Advanced,43,82,61,78,Good
1387,42,Bachelors,18,Intermediate,87,79,83,78,Average
1388,21,Bachelors,15,Intermediate,92,89,41,71,Poor
1389,29,Bachelors,18,Advanced,91,89,63,96,Average
1390,21,Masters,3,Advanced,85,52,73,76,Excellent
1391,36,Masters,17,Beginner,66,97,66,96,Good
1392,27,PhD,1,Beginner,68,81,94,98,Good
1393,20,Bachelors,0,Intermediate,86,91,80,87,Average
1394,28,Bachelors,14,Advanced,67,79,40,94,Excellent
1395,30,Masters,4,Intermediate,74,67,47,77,Good
1396,41,Bachelors,19,Advanced,47,51,62,73,Excellent
1397,35,Masters,10,Beginner,55,38,77,94,Excellent
1398,26,Bachelors,9,Intermediate,81,54,45,66,Average
1399,29,PhD,1,Intermediate,75,81,61,72,Poor
1400,42,Bachelors,2,Advanced,69,49,64,77,Average
1401,22,Bachelors,11,Beginner,57,81,57,96,Poor
1402,37,Diploma,19,Intermediate,41,43,56,72,Excellent
1403,44,Masters,4,Beginner,88,50,51,95,Poor
1404,43,Bachelors,4,Intermediate,52,95,45,90,Excellent
1405,32,Bachelors,5,Beginner,43,44,65,61,Good
1406,26,Diploma,8,Advanced,65,84,66,75,Good
1407,44,Diploma,1,Intermediate,64,37,47,68,Good
1408,23,Masters,11,Intermediate,69,85,58,68,Average
1409,32,Diploma,2,Beginner,50,53,99,97,Average
1410,39,PhD,19,Beginner,46,76,81,70,Excellent
1411,20,Diploma,11,Intermediate,70,69,40,81,Good
1412,27,PhD,16,Advanced,83,80,96,92,Average
1413,33,Masters,9,Beginner,49,60,68,95,Good
1414,35,Masters,13,Beginner,78,98,84,82,Average
1415,33,Masters,16,Beginner,52,71,88,93,Poor
1416,31,Masters,17,Intermediate,70,83,74,68,Poor
1417,38,Masters,18,Intermediate,46,55,79,83,Good
1418,42,PhD,16,Intermediate,95,98,53,67,Excellent
1419,34,PhD,13,Intermediate,88,39,74,66,Average
1420,21,Masters,8,Advanced,81,38,87,95,Average
1421,21,Diploma,7,Advanced,81,73,84,77,Poor
1422,42,Bachelors,1,Intermediate,95,69,59,62,Poor
1423,41,Masters,12,Advanced,75,35,95,87,Excellent
1424,38,Diploma,6,Beginner,59,58,88,65,Excellent
1425,44,Bachelors,8,Beginner,43,91,52,80,Excellent
1426,41,Masters,10,Beginner,93,75,77,87,Good
1427,41,Masters,13,Intermediate,46,88,88,99,Poor
1428,36,PhD,3,Beginner,93,80,85,60,Good
1429,39,Bachelors,12,Advanced,40,94,88,95,Poor
1430,29,Bachelors,1,Intermediate,83,94,47,80,Poor
1431,25,Diploma,4,Advanced,95,91,82,94,Average
1432,34,PhD,10,Beginner,84,65,59,72,Poor
1433,41,PhD,5,Beginner,81,58,99,69,Poor
1434,30,PhD,17,Beginner,86,70,72,69,Good
1435,24,PhD,9,Intermediate,98,64,65,72,Poor
1436,20,Bachelors,3,Advanced,52,58,78,96,Good
1437,27,Bachelors,8,Intermediate,94,64,60,97,Excellent
1438,40,Masters,5,Intermediate,61,41,92,83,Poor
1439,31,Masters,1,Beginner,93,69,88,61,Poor
1440,31,PhD,16,Intermediate,60,89,81,81,Good
1441,24,PhD,4,Intermediate,61,48,82,76,Excellent
1442,26,PhD,5,Beginner,67,44,93,95,Average
1443,23,Masters,11,Intermediate,48,50,80,73,Excellent
1444,25,Diploma,9,Beginner,65,88,48,69,Good
1445,32,Diploma,5,Beginner,48,78,63,94,Excellent
1446,39,Masters,7,Beginner,54,79,76,84,Good
1447,34,Masters,1,Beginner,49,90,88,62,Good
1448,22,Masters,11,Intermediate,63,91,80,97,Average
1449,42,Masters,12,Beginner,97,55,56,76,Poor
1450,27,Masters,6,Beginner,96,84,63,71,Good
1451,39,Masters,9,Intermediate,81,67,60,83,Good
1452,35,PhD,12,Intermediate,47,41,90,88,Average
1453,32,PhD,16,Advanced,63,49,98,84,Good
1454,37,PhD,13,Intermediate,55,66,78,95,Poor
1455,29,PhD,1,Intermediate,88,54,94,85,Average
1456,38,Masters,10,Advanced,65,49,80,97,Poor
1457,36,Diploma,0,Intermediate,66,82,78,60,Poor
1458,43,Bachelors,18,Intermediate,76,55,52,79,Average
1459,38,Masters,3,Intermediate,43,76,50,87,Good
1460,42,Bachelors,18,Intermediate,89,60,85,75,Poor
1461,24,Diploma,10,Advanced,63,48,58,76,Poor
1462,40,PhD,7,Intermediate,58,91,50,99,Poor
1463,42,Diploma,10,Intermediate,75,71,52,87,Poor
1464,28,Masters,3,Advanced,99,92,85,71,Average
1465,31,PhD,16,Beginner,78,55,84,86,Average
1466,40,Masters,6,Advanced,49,37,40,89,Excellent
1467,20,PhD,7,Beginner,64,71,79,93,Excellent
1468,20,Bachelors,2,Advanced,57,83,83,96,Poor
1469,34,Bachelors,1,Advanced,58,53,58,65,Good
1470,21,Bachelors,14,Intermediate,75,46,51,66,Poor
1471,41,Diploma,4,Beginner,49,95,47,91,Good
1472,35,Masters,0,Intermediate,72,75,47,91,Poor
1473,44,Diploma,3,Beginner,94,67,92,84,Excellent
1474,27,Bachelors,14,Advanced,89,84,84,92,Excellent
1475,32,Masters,19,Advanced,44,67,51,66,Good
1476,40,Bachelors,18,Beginner,86,58,87,71,Poor
1477,20,Diploma,2,Intermediate,88,95,72,75,Good
1478,35,Diploma,19,Intermediate,74,95,84,75,Excellent
1479,26,Diploma,10,Intermediate,83,62,65,95,Poor
1480,24,Bachelors,16,Intermediate,73,92,78,72,Poor
1481,41,Masters,12,Advanced,72,77,67,66,Good
1482,42,Masters,10,Advanced,94,75,97,95,Average
1483,22,Bachelors,1,Advanced,60,73,44,68,Good
1484,31,Masters,8,Advanced,56,83,47,91,Excellent
1485,35,Bachelors,1,Advanced,61,51,64,70,Excellent
1486,38,Masters,8,Intermediate,87,99,66,67,Excellent
1487,24,PhD,8,Intermediate,76,39,85,92,Excellent
1488,41,PhD,7,Intermediate,54,36,62,82,Excellent
1489,44,Diploma,16,Intermediate,74,56,69,84,Average
1490,33,PhD,0,Advanced,67,91,84,67,Poor
1491,24,PhD,10,Advanced,46,50,86,81,Good
1492,34,PhD,7,Advanced,71,85,62,63,Good
1493,36,Bachelors,9,Beginner,50,73,88,99,Excellent
1494,33,PhD,6,Intermediate,49,74,86,62,Good
1495,39,PhD,2,Intermediate,48,72,59,88,Excellent
1496,24,Diploma,2,Advanced,53,94,57,88,Average
1497,31,PhD,17,Intermediate,52,93,57,93,Average
1498,35,PhD,4,Intermediate,96,44,41,93,Poor
1499,35,Masters,11,Advanced,64,98,43,87,Average
1500,40,Diploma,11,Beginner,41,97,69,72,Average
