Battery_Type,Poor_Cell_Design,External_Abuse,Poor_Battery_Design,Short_Circuits,Temperature,Overcharge_Overdischarge,Battery_Maintenance,Battery_Health
Lead-Acid,0,Yes,0,0,23.6338812952967,Over-discharge,No,Moderate
Lithium-Ion,1,No,1,0,32.81601208423398,Overcharge,No,Moderate
Lead-Acid,0,No,1,0,28.20970320125814,Over-discharge,No,Moderate
Lead-Acid,0,No,0,1,33.73196379761589,Over-discharge,Yes,Blast
Lead-Acid,1,Yes,1,1,44.06327227854503,Over-discharge,No,Blast
Lead-Acid,0,Yes,1,0,46.585487568058184,Normal,Yes,Moderate
Lead-Acid,1,No,1,1,42.50057469937294,Normal,Yes,Blast
Lithium-Ion,0,No,1,0,25.213641219775567,Over-discharge,Yes,Good
Lithium-Ion,1,Yes,0,1,37.30965821120728,Over-discharge,Yes,Chance_of_Blast
Lithium-Ion,1,Yes,1,0,46.38686009302203,Normal,Yes,Moderate
Lead-Acid,1,Yes,1,1,37.213997401289845,Normal,Yes,Blast
Lead-Acid,1,Yes,1,1,35.37829804693243,Over-discharge,Yes,Blast
Lithium-Ion,0,No,0,0,22.063248063920188,Over-discharge,No,Chance_of_Blast
Lead-Acid,1,Yes,0,0,36.64037599804677,Over-discharge,No,Moderate
Lithium-Ion,0,No,1,1,42.310172362785536,Overcharge,Yes,Chance_of_Blast
Lead-Acid,0,Yes,0,1,33.62377778376574,Overcharge,No,Blast
Lead-Acid,1,Yes,1,1,43.27876983767127,Overcharge,No,Blast
Lead-Acid,1,No,0,0,29.07724081374577,Over-discharge,No,Moderate
Lead-Acid,0,No,1,0,21.749260624602382,Overcharge,No,Moderate
Lead-Acid,1,No,1,0,22.2278009164846,Overcharge,No,Moderate
Lithium-Ion,0,No,1,1,35.57100587425151,Overcharge,No,Chance_of_Blast
Lithium-Ion,0,No,0,1,43.24300942057289,Overcharge,No,Chance_of_Blast
Lead-Acid,0,Yes,0,0,43.89336947185734,Overcharge,No,Moderate
Lead-Acid,0,Yes,1,0,47.363598154465315,Over-discharge,No,Moderate
Lead-Acid,1,Yes,1,0,43.951519065129425,Over-discharge,Yes,Good
Lead-Acid,0,No,1,0,42.70440763177896,Overcharge,Yes,Good
Lithium-Ion,0,Yes,0,0,44.801882591997376,Over-discharge,Yes,Good
Lead-Acid,1,Yes,0,1,41.1747873995589,Overcharge,No,Blast
Lead-Acid,0,No,1,0,22.60747129988632,Normal,No,Moderate
Lithium-Ion,0,No,0,0,23.318638361228164,Over-discharge,Yes,Good
Lead-Acid,1,No,0,1,41.58756149557561,Normal,No,Blast
Lead-Acid,0,No,1,0,31.652751023089333,Over-discharge,Yes,Good
Lead-Acid,1,Yes,1,1,33.37878153712782,Over-discharge,No,Blast
Lead-Acid,1,No,1,0,25.957805206808178,Normal,No,Moderate
Lead-Acid,1,Yes,1,1,49.33003867165357,Normal,Yes,Blast
Lead-Acid,1,Yes,0,0,34.528942096997525,Over-discharge,No,Moderate
Lithium-Ion,0,No,0,0,35.964075970164785,Over-discharge,Yes,Good
Lead-Acid,0,Yes,1,0,47.52911452602422,Over-discharge,Yes,Good
Lithium-Ion,1,No,0,1,39.94029908766275,Over-discharge,Yes,Chance_of_Blast
Lead-Acid,0,Yes,1,0,32.60977751388422,Over-discharge,No,Moderate
Lithium-Ion,0,No,1,1,28.877958838615978,Normal,No,Chance_of_Blast
Lithium-Ion,1,No,0,0,47.282641761030646,Over-discharge,Yes,Good
Lithium-Ion,1,Yes,1,1,47.55368425107971,Normal,Yes,Chance_of_Blast
Lithium-Ion,1,Yes,0,1,25.659382016735464,Over-discharge,No,Chance_of_Blast
Lithium-Ion,1,No,1,1,49.911526863506886,Overcharge,No,Chance_of_Blast
Lead-Acid,0,Yes,1,0,44.21634633226132,Normal,Yes,Moderate
Lithium-Ion,1,Yes,1,1,28.62434348319022,Overcharge,Yes,Chance_of_Blast
Lead-Acid,0,Yes,1,0,35.62210910633038,Over-discharge,Yes,Good
Lithium-Ion,0,No,0,1,36.29243882092218,Over-discharge,Yes,Moderate
Lithium-Ion,1,No,1,1,42.83751312476447,Overcharge,No,Chance_of_Blast
Lithium-Ion,1,Yes,1,0,47.86394037402238,Over-discharge,Yes,Good
Lithium-Ion,1,Yes,0,0,20.672480870431954,Over-discharge,Yes,Good
Lead-Acid,0,No,1,1,38.761912932265496,Normal,No,Blast
Lithium-Ion,0,No,0,0,35.798408937151784,Over-discharge,No,Moderate
Lead-Acid,0,No,1,0,43.3180604350861,Over-discharge,Yes,Good
Lithium-Ion,0,Yes,0,1,31.429945687560622,Overcharge,No,Blast
Lithium-Ion,1,No,0,0,35.41289078115506,Overcharge,No,Moderate
Lithium-Ion,1,No,0,1,44.28807041985907,Overcharge,Yes,Chance_of_Blast
Lead-Acid,0,No,1,0,39.47336732325201,Over-discharge,No,Moderate
Lead-Acid,0,Yes,1,0,26.194011645607503,Overcharge,Yes,Good
Lead-Acid,0,Yes,0,1,20.211530524252993,Over-discharge,Yes,Blast
Lead-Acid,1,No,1,1,22.99550424784926,Over-discharge,Yes,Blast
Lithium-Ion,0,No,1,0,40.90731536632644,Overcharge,No,Moderate
Lead-Acid,1,No,0,0,41.1980628302821,Over-discharge,Yes,Good
Lead-Acid,0,Yes,0,0,44.516917935335115,Over-discharge,Yes,Good
Lead-Acid,0,No,1,0,36.60041836599867,Overcharge,Yes,Good
Lead-Acid,1,No,0,0,49.12555421114014,Over-discharge,Yes,Good
Lead-Acid,0,Yes,1,1,33.021929257367496,Normal,Yes,Blast
Lead-Acid,1,No,0,1,27.192867226625868,Normal,Yes,Blast
Lithium-Ion,1,No,1,0,26.751589942623713,Overcharge,No,Moderate
Lead-Acid,0,Yes,1,1,30.008507945421783,Over-discharge,No,Blast
Lead-Acid,0,No,1,0,34.11825931203783,Overcharge,No,Moderate
Lead-Acid,1,No,1,1,26.522280704605734,Overcharge,No,Blast
Lithium-Ion,0,Yes,0,0,34.51244429956621,Overcharge,No,Moderate
Lithium-Ion,0,No,1,0,35.64424550722988,Overcharge,No,Moderate
Lead-Acid,1,No,1,1,28.05313261536549,Overcharge,No,Blast
Lithium-Ion,1,No,0,1,49.28433891051321,Normal,No,Chance_of_Blast
Lead-Acid,1,No,1,0,26.863639424919167,Overcharge,No,Moderate
Lithium-Ion,0,No,1,1,37.71925602461717,Over-discharge,Yes,Chance_of_Blast
Lead-Acid,1,No,1,0,27.8202311415298,Normal,Yes,Moderate
Lithium-Ion,0,Yes,1,1,51.98442132299752,Normal,Yes,Chance_of_Blast
Lithium-Ion,1,No,0,1,26.908838760488486,Overcharge,No,Chance_of_Blast
Lead-Acid,1,Yes,1,1,24.2329734421654,Normal,No,Blast
Lithium-Ion,0,Yes,0,0,37.367725069060974,Overcharge,Yes,Good
Lead-Acid,1,Yes,0,0,40.22681410862788,Overcharge,Yes,Moderate
Lithium-Ion,1,Yes,1,0,41.32225761860675,Normal,No,Moderate
Lead-Acid,1,Yes,1,1,51.06188172565801,Over-discharge,Yes,Blast
Lithium-Ion,0,No,1,0,28.13995346467036,Normal,No,Blast
Lithium-Ion,1,No,1,1,22.661321939934364,Normal,No,Chance_of_Blast
Lithium-Ion,1,Yes,1,1,29.94380763103553,Overcharge,No,Chance_of_Blast
Lithium-Ion,1,No,1,1,46.420344249533144,Over-discharge,No,Chance_of_Blast
Lead-Acid,1,Yes,1,0,30.345110514575506,Overcharge,No,Moderate
Lithium-Ion,1,Yes,1,0,47.075314881604406,Over-discharge,No,Moderate
Lead-Acid,0,Yes,1,0,47.49803254999071,Over-discharge,Yes,Good
Lithium-Ion,1,No,1,1,44.65722907795126,Normal,Yes,Chance_of_Blast
Lithium-Ion,1,No,1,0,20.448221205731425,Normal,No,Moderate
Lithium-Ion,0,No,1,0,26.463771058155785,Overcharge,No,Moderate
Lead-Acid,1,Yes,0,0,24.73356917201925,Overcharge,No,Moderate
Lead-Acid,1,Yes,0,1,27.52448723977847,Normal,No,Blast
Lithium-Ion,1,No,0,0,38.26788189639319,Over-discharge,Yes,Good
Lead-Acid,0,No,1,1,46.09535807631296,Over-discharge,No,Blast
Lead-Acid,1,Yes,1,1,46.94713449244872,Over-discharge,Yes,Blast
Lithium-Ion,1,Yes,0,1,24.146088169010337,Overcharge,Yes,Chance_of_Blast
Lead-Acid,1,No,0,0,27.659698127834837,Over-discharge,Yes,Good
Lead-Acid,0,No,1,0,27.30752683214866,Over-discharge,Yes,Good
Lithium-Ion,1,Yes,0,0,22.527906831042838,Over-discharge,No,Moderate
Lead-Acid,1,Yes,1,0,37.70651425596284,Overcharge,Yes,Good
Lithium-Ion,0,Yes,0,1,31.884691680127887,Overcharge,No,Chance_of_Blast
Lithium-Ion,0,No,1,0,25.47157605162718,Over-discharge,No,Moderate
Lithium-Ion,0,No,0,0,49.04767493751473,Overcharge,No,Moderate
Lead-Acid,1,No,1,1,42.721006858276404,Over-discharge,No,Blast
Lithium-Ion,1,Yes,1,0,28.566286869510442,Overcharge,No,Moderate
Lead-Acid,0,Yes,1,1,47.925873968419126,Overcharge,No,Blast
Lithium-Ion,1,No,0,1,30.41330232041282,Over-discharge,No,Chance_of_Blast
Lead-Acid,1,No,0,0,23.285168484653816,Over-discharge,No,Moderate
Lithium-Ion,0,No,1,1,44.13287246678697,Overcharge,No,Chance_of_Blast
Lithium-Ion,1,Yes,0,1,39.48881508939483,Normal,Yes,Chance_of_Blast
Lead-Acid,1,No,1,0,30.53018087271764,Overcharge,No,Moderate
Lithium-Ion,0,Yes,0,0,47.42223797485096,Overcharge,Yes,Good
Lithium-Ion,0,No,1,1,27.867334911289642,Over-discharge,No,Chance_of_Blast
Lithium-Ion,0,Yes,1,0,44.19777017166141,Normal,Yes,Moderate
Lithium-Ion,0,No,1,0,40.620761059368725,Normal,No,Moderate
Lead-Acid,0,No,0,0,19.53146106764514,Overcharge,No,Moderate
Lithium-Ion,0,No,0,1,47.05146771556646,Normal,Yes,Chance_of_Blast
Lead-Acid,0,Yes,0,1,19.592561830472476,Over-discharge,No,Blast
Lead-Acid,1,No,0,1,32.96392280191548,Over-discharge,No,Blast
Lithium-Ion,1,No,0,1,40.03681507946305,Normal,No,Chance_of_Blast
Lead-Acid,1,No,1,1,39.78057692223815,Normal,Yes,Blast
Lead-Acid,1,No,1,1,31.025266566057972,Normal,Yes,Blast
Lithium-Ion,0,Yes,0,1,46.9550025647373,Normal,No,Chance_of_Blast
Lead-Acid,0,No,0,0,45.746018004949285,Overcharge,No,Blast
Lithium-Ion,0,No,1,0,22.290915351598642,Overcharge,Yes,Good
Lead-Acid,0,No,1,1,39.36836611036151,Over-discharge,No,Blast
Lead-Acid,0,Yes,0,1,40.04486614024699,Overcharge,Yes,Blast
Lead-Acid,1,Yes,1,1,38.39698661807312,Over-discharge,No,Blast
Lead-Acid,1,Yes,0,0,27.345544889238724,Overcharge,Yes,Good
Lithium-Ion,0,No,0,0,46.90651208375304,Overcharge,No,Moderate
Lithium-Ion,0,No,1,1,48.190962955144265,Overcharge,Yes,Chance_of_Blast
Lithium-Ion,1,No,0,1,29.393288376258347,Over-discharge,Yes,Chance_of_Blast
Lithium-Ion,0,Yes,0,0,34.187440878683226,Over-discharge,No,Moderate
Lithium-Ion,0,No,0,1,49.346487840830775,Normal,No,Chance_of_Blast
Lead-Acid,1,No,1,1,35.448710689703944,Normal,No,Blast
Lithium-Ion,0,No,0,1,24.58255712271224,Over-discharge,No,Chance_of_Blast
Lithium-Ion,0,Yes,0,0,42.15346522889653,Over-discharge,Yes,Good
Lithium-Ion,0,Yes,1,1,28.147073233131064,Over-discharge,No,Chance_of_Blast
Lead-Acid,0,Yes,1,1,18.18667135520814,Over-discharge,Yes,Blast
Lithium-Ion,1,Yes,1,0,36.63698517342573,Over-discharge,No,Moderate
Lead-Acid,0,No,1,0,41.602496067232565,Overcharge,No,Moderate
Lead-Acid,1,Yes,0,0,19.18390982185048,Overcharge,No,Moderate
Lead-Acid,1,No,1,0,40.04901142599521,Normal,No,Moderate
Lithium-Ion,0,Yes,0,1,23.927357489812593,Overcharge,Yes,Chance_of_Blast
Lead-Acid,1,Yes,1,0,40.35291606156849,Over-discharge,Yes,Good
Lithium-Ion,0,No,1,0,42.13754222361218,Overcharge,Yes,Good
Lead-Acid,1,No,1,1,28.724884578139655,Overcharge,Yes,Blast
Lithium-Ion,0,Yes,0,0,34.995560272538235,Overcharge,Yes,Good
Lead-Acid,1,No,0,0,43.43777151658642,Over-discharge,Yes,Good
Lithium-Ion,1,No,0,1,23.207875606775207,Over-discharge,No,Chance_of_Blast
Lead-Acid,0,No,0,0,47.185306633340105,Over-discharge,Yes,Good
Lead-Acid,0,Yes,1,1,43.09731403417246,Overcharge,Yes,Blast
Lead-Acid,0,No,1,1,25.085477713908336,Over-discharge,Yes,Blast
Lithium-Ion,1,Yes,0,1,20.395850607704368,Over-discharge,Yes,Chance_of_Blast
Lithium-Ion,0,Yes,1,1,45.169688191167396,Normal,Yes,Chance_of_Blast
Lead-Acid,0,Yes,0,1,38.29500485798327,Over-discharge,No,Blast
Lithium-Ion,1,Yes,1,0,34.8540209804607,Normal,Yes,Moderate
Lithium-Ion,1,Yes,1,0,35.352748682678296,Over-discharge,No,Moderate
Lithium-Ion,1,No,1,1,46.89288489863818,Over-discharge,No,Chance_of_Blast
Lithium-Ion,0,Yes,0,1,30.594542952671873,Overcharge,No,Chance_of_Blast
Lead-Acid,1,No,1,0,28.58806915660139,Overcharge,No,Chance_of_Blast
Lead-Acid,0,Yes,1,0,46.02909288618868,Overcharge,Yes,Good
Lithium-Ion,1,No,1,0,41.60331102348922,Overcharge,No,Moderate
Lithium-Ion,0,No,0,0,37.901575542020375,Over-discharge,Yes,Good
Lithium-Ion,0,No,0,1,28.422777036024378,Overcharge,Yes,Chance_of_Blast
Lead-Acid,0,Yes,1,0,45.96996577192411,Normal,Yes,Moderate
Lithium-Ion,0,Yes,0,1,22.92672087386487,Over-discharge,Yes,Good
Lead-Acid,1,Yes,1,0,36.56522732585646,Normal,No,Moderate
Lead-Acid,1,Yes,1,0,28.356388089500303,Normal,Yes,Moderate
Lead-Acid,0,No,1,0,30.278880168262194,Normal,Yes,Moderate
Lithium-Ion,1,No,1,0,38.911348389802434,Overcharge,Yes,Good
Lead-Acid,1,Yes,1,1,48.10627602581253,Overcharge,Yes,Blast
Lithium-Ion,1,No,0,0,35.72545708538673,Overcharge,Yes,Moderate
Lead-Acid,0,No,1,1,35.49939896826474,Normal,Yes,Blast
Lead-Acid,0,Yes,1,0,50.12849031426374,Overcharge,No,Moderate
Lithium-Ion,0,No,1,0,26.38079141547928,Normal,No,Moderate
Lithium-Ion,1,Yes,0,1,36.79337329663895,Over-discharge,Yes,Chance_of_Blast
Lithium-Ion,1,No,1,1,31.736064919767063,Overcharge,No,Chance_of_Blast
Lithium-Ion,1,Yes,1,1,40.77989603602685,Over-discharge,Yes,Chance_of_Blast
Lithium-Ion,1,No,0,0,28.529180057001387,Over-discharge,No,Moderate
Lithium-Ion,1,No,0,0,35.362288617896894,Overcharge,No,Moderate
Lead-Acid,0,Yes,1,1,21.178601269353447,Overcharge,No,Blast
Lead-Acid,0,No,0,0,41.30166551207214,Over-discharge,No,Moderate
Lead-Acid,0,Yes,1,1,48.5757224213047,Normal,Yes,Blast
Lithium-Ion,0,Yes,0,0,38.54957366113472,Overcharge,Yes,Good
Lithium-Ion,1,No,0,1,26.276804974526108,Overcharge,No,Chance_of_Blast
Lead-Acid,1,Yes,0,1,47.99925395871486,Over-discharge,No,Blast
Lead-Acid,1,Yes,1,0,42.324812216869816,Normal,Yes,Moderate
Lead-Acid,0,No,0,0,39.146045511782006,Overcharge,Yes,Good
Lithium-Ion,1,No,0,0,24.241604529430507,Over-discharge,Yes,Good
Lead-Acid,0,Yes,0,0,39.86709834103194,Over-discharge,Yes,Good
Lead-Acid,0,Yes,1,1,45.23238651339676,Normal,Yes,Blast
Lead-Acid,1,Yes,0,1,22.398587373743744,Over-discharge,No,Blast
Lithium-Ion,1,Yes,1,0,33.982001037277904,Over-discharge,No,Moderate
Lithium-Ion,1,Yes,1,1,40.70169552528556,Normal,No,Chance_of_Blast
Lead-Acid,0,Yes,0,0,43.66927848910504,Overcharge,Yes,Good
Lead-Acid,0,Yes,0,0,41.86847006325845,Over-discharge,No,Moderate
Lead-Acid,1,No,0,1,23.54296091208664,Normal,No,Blast
Lithium-Ion,1,Yes,1,1,41.954247832465306,Overcharge,Yes,Chance_of_Blast
Lead-Acid,1,No,0,1,23.421237990006013,Over-discharge,Yes,Blast
Lead-Acid,1,Yes,1,0,22.40488903376022,Overcharge,No,Moderate
Lithium-Ion,0,Yes,1,0,19.8850963942784,Overcharge,Yes,Good
Lithium-Ion,1,No,1,1,43.67412476389011,Overcharge,No,Chance_of_Blast
Lithium-Ion,1,No,0,0,24.979927829619086,Over-discharge,Yes,Good
Lead-Acid,0,Yes,1,1,18.641344887430236,Over-discharge,No,Blast
Lithium-Ion,1,Yes,1,1,28.550409365081872,Overcharge,Yes,Chance_of_Blast
Lead-Acid,0,No,1,0,33.297934865315554,Over-discharge,Yes,Good
Lithium-Ion,0,Yes,1,1,19.843223438686188,Overcharge,No,Chance_of_Blast
Lithium-Ion,1,Yes,1,0,34.72535958041728,Normal,Yes,Moderate
Lithium-Ion,0,Yes,1,0,31.246403548047937,Overcharge,No,Moderate
Lead-Acid,1,Yes,0,1,32.527778339330006,Over-discharge,Yes,Blast
Lithium-Ion,0,No,1,0,43.00316777686424,Over-discharge,No,Moderate
Lead-Acid,0,Yes,0,0,32.32364860498819,Over-discharge,Yes,Good
Lead-Acid,1,Yes,0,1,49.500928469449086,Normal,No,Blast
Lithium-Ion,1,Yes,0,1,48.97434415004029,Normal,No,Chance_of_Blast
Lead-Acid,0,No,1,0,37.38415768196977,Over-discharge,Yes,Good
Lead-Acid,1,Yes,1,0,33.39375372307206,Overcharge,Yes,Good
Lead-Acid,1,Yes,1,0,33.54951616966265,Normal,Yes,Moderate
Lead-Acid,1,Yes,0,0,27.84870145754712,Overcharge,No,Moderate
Lithium-Ion,1,No,1,1,27.881569299058057,Normal,Yes,Chance_of_Blast
Lithium-Ion,0,No,1,0,31.173824774828272,Overcharge,Yes,Chance_of_Blast
Lithium-Ion,0,Yes,0,1,43.919094214187595,Normal,Yes,Chance_of_Blast
Lithium-Ion,1,Yes,0,0,29.097938319502596,Overcharge,Yes,Good
Lead-Acid,1,No,0,1,31.860235339700754,Normal,No,Blast
Lead-Acid,0,Yes,0,1,34.32564659274181,Normal,Yes,Blast
Lithium-Ion,0,Yes,1,1,28.62092843722512,Over-discharge,No,Chance_of_Blast
Lithium-Ion,0,No,1,1,23.026499982495626,Over-discharge,No,Chance_of_Blast
Lithium-Ion,1,No,0,1,20.769635841144037,Overcharge,No,Chance_of_Blast
Lithium-Ion,0,No,0,1,43.104024580976514,Normal,No,Chance_of_Blast
Lead-Acid,0,No,1,0,21.249720664507937,Normal,No,Moderate
Lead-Acid,1,Yes,1,0,29.437723400443975,Over-discharge,No,Moderate
Lithium-Ion,1,Yes,0,0,44.96055373699748,Over-discharge,Yes,Good
Lithium-Ion,1,No,1,1,45.43279284506047,Normal,Yes,Chance_of_Blast
Lithium-Ion,1,No,1,1,44.0683622283438,Overcharge,Yes,Chance_of_Blast
Lead-Acid,0,Yes,1,0,21.388515784237427,Overcharge,Yes,Good
Lead-Acid,0,No,0,1,29.084250845987896,Normal,Yes,Blast
Lead-Acid,1,No,0,1,24.685887261889615,Over-discharge,No,Blast
Lead-Acid,0,No,1,1,30.51842019746356,Over-discharge,No,Blast
Lead-Acid,0,Yes,0,1,30.454428333530966,Normal,Yes,Blast
Lead-Acid,0,No,1,0,38.177401350818236,Normal,Yes,Moderate
Lithium-Ion,1,No,0,1,30.41726160411725,Overcharge,Yes,Chance_of_Blast
Lead-Acid,1,No,1,1,23.889090267531948,Normal,No,Blast
Lithium-Ion,0,Yes,0,1,42.1713077276211,Over-discharge,Yes,Chance_of_Blast
Lithium-Ion,0,Yes,1,1,28.566098589396226,Over-discharge,Yes,Chance_of_Blast
Lithium-Ion,0,No,1,1,27.681865067096524,Overcharge,Yes,Chance_of_Blast
Lead-Acid,1,Yes,1,1,36.94374757472796,Overcharge,Yes,Blast
Lead-Acid,1,No,1,0,36.572391956021164,Normal,Yes,Moderate
Lithium-Ion,0,No,1,1,38.55537357868594,Over-discharge,Yes,Chance_of_Blast
Lead-Acid,1,No,1,1,41.26649405278006,Over-discharge,Yes,Blast
Lithium-Ion,0,No,0,1,36.5765814298877,Overcharge,Yes,Chance_of_Blast
Lithium-Ion,1,Yes,0,0,22.19941997040949,Over-discharge,Yes,Good
Lead-Acid,0,No,0,0,32.413205903645164,Over-discharge,Yes,Good
Lithium-Ion,1,Yes,1,1,26.850762142076377,Overcharge,Yes,Chance_of_Blast
Lithium-Ion,0,No,1,1,46.803265694755865,Overcharge,Yes,Chance_of_Blast
Lead-Acid,1,Yes,0,1,43.06242557521995,Normal,Yes,Blast
Lead-Acid,1,Yes,1,1,19.479046367866907,Over-discharge,No,Blast
Lead-Acid,0,No,1,0,40.10170828161602,Normal,Yes,Moderate
Lead-Acid,1,Yes,0,1,28.829111694580543,Normal,Yes,Chance_of_Blast
Lead-Acid,1,Yes,1,0,37.497163264800726,Over-discharge,Yes,Good
Lead-Acid,1,No,1,1,27.14273398938509,Normal,No,Blast
Lead-Acid,1,No,0,0,39.48114868140924,Over-discharge,No,Chance_of_Blast
Lithium-Ion,1,No,1,0,36.97871290744582,Overcharge,No,Moderate
Lithium-Ion,0,No,1,0,29.06772216736385,Normal,No,Moderate
Lithium-Ion,0,No,1,1,39.65861785954068,Overcharge,Yes,Chance_of_Blast
Lead-Acid,0,Yes,1,1,20.747346479529156,Over-discharge,Yes,Blast
Lithium-Ion,1,No,0,1,44.16510454630084,Over-discharge,Yes,Chance_of_Blast
Lead-Acid,1,No,0,1,33.20305930522222,Over-discharge,No,Blast
Lead-Acid,1,Yes,1,1,27.1125119829338,Normal,Yes,Blast
Lithium-Ion,1,Yes,1,1,39.476380383293346,Normal,Yes,Chance_of_Blast
Lead-Acid,0,Yes,1,0,43.529777684018676,Normal,No,Moderate
Lithium-Ion,1,No,1,0,43.494985157192325,Over-discharge,No,Moderate
Lithium-Ion,0,No,1,0,38.15364701627069,Overcharge,Yes,Good
Lithium-Ion,1,Yes,1,1,35.30982223264979,Overcharge,Yes,Chance_of_Blast
Lead-Acid,0,Yes,1,0,46.63528390775213,Normal,No,Moderate
Lithium-Ion,0,Yes,0,0,43.155761988146544,Overcharge,No,Moderate
Lithium-Ion,0,Yes,1,1,29.09973888406182,Overcharge,No,Chance_of_Blast
Lead-Acid,1,Yes,1,1,30.004713838951623,Overcharge,No,Blast
Lithium-Ion,1,No,0,1,27.306510518119765,Overcharge,No,Chance_of_Blast
Lithium-Ion,1,No,1,1,27.5617632144685,Normal,Yes,Chance_of_Blast
Lithium-Ion,1,Yes,1,0,32.754069052137076,Over-discharge,Yes,Good
Lead-Acid,1,No,1,1,24.387035637617107,Over-discharge,Yes,Blast
Lithium-Ion,1,No,1,1,28.673839111847567,Normal,Yes,Chance_of_Blast
Lithium-Ion,0,Yes,1,0,47.49464782397105,Overcharge,Yes,Good
Lead-Acid,1,Yes,1,0,47.619240892003226,Overcharge,No,Moderate
Lithium-Ion,0,No,1,1,36.88897444982277,Over-discharge,No,Chance_of_Blast
Lead-Acid,0,No,1,1,48.24176623061911,Overcharge,Yes,Blast
Lithium-Ion,0,Yes,1,0,38.24660163336763,Overcharge,No,Moderate
Lead-Acid,1,No,1,0,34.227368534090004,Overcharge,Yes,Good
Lithium-Ion,1,No,1,1,29.04441072139234,Over-discharge,No,Chance_of_Blast
Lithium-Ion,1,No,1,0,28.26542787661789,Normal,Yes,Moderate
Lithium-Ion,0,Yes,0,1,33.48683023497135,Overcharge,Yes,Chance_of_Blast
Lead-Acid,1,No,1,1,33.12641558455566,Overcharge,Yes,Blast
Lithium-Ion,0,Yes,1,0,30.06735208783388,Normal,No,Moderate
Lithium-Ion,0,No,0,1,49.03366763558114,Normal,No,Chance_of_Blast
Lead-Acid,0,Yes,1,0,40.099822092142006,Over-discharge,Yes,Good
Lithium-Ion,1,No,0,1,26.098876820690197,Normal,Yes,Chance_of_Blast
Lithium-Ion,0,Yes,0,1,24.93779511400689,Over-discharge,No,Chance_of_Blast
Lead-Acid,1,Yes,1,1,40.376725283335205,Over-discharge,Yes,Blast
Lead-Acid,1,Yes,0,0,43.9338025257296,Over-discharge,Yes,Good
Lead-Acid,0,No,0,0,40.428841594913976,Over-discharge,No,Moderate
Lead-Acid,0,Yes,0,1,26.607671622061105,Over-discharge,No,Blast
Lead-Acid,1,Yes,1,1,21.091556889752997,Over-discharge,No,Blast
Lead-Acid,1,No,1,1,47.98767823192375,Overcharge,Yes,Blast
Lithium-Ion,1,Yes,1,1,31.240737508732927,Over-discharge,Yes,Chance_of_Blast
Lead-Acid,0,Yes,0,0,43.409028346636646,Overcharge,Yes,Good
Lithium-Ion,0,No,0,1,49.00673789168297,Overcharge,Yes,Chance_of_Blast
Lead-Acid,1,No,1,0,22.442333292286683,Over-discharge,No,Moderate
Lithium-Ion,1,No,1,1,47.14419668125733,Overcharge,No,Chance_of_Blast
Lithium-Ion,0,No,0,1,33.81518393436796,Normal,No,Chance_of_Blast
Lithium-Ion,0,No,0,1,33.66786726478233,Over-discharge,No,Chance_of_Blast
Lithium-Ion,0,Yes,0,0,34.860887317797854,Overcharge,No,Moderate
Lithium-Ion,0,Yes,0,1,53.21182489693688,Overcharge,No,Chance_of_Blast
Lithium-Ion,0,Yes,0,1,31.184489777970008,Normal,No,Chance_of_Blast
Lithium-Ion,0,No,1,1,42.204383173225395,Normal,Yes,Chance_of_Blast
Lead-Acid,0,No,0,1,21.567492096936537,Overcharge,No,Blast
Lithium-Ion,0,Yes,0,1,42.079484613622576,Normal,Yes,Chance_of_Blast
Lead-Acid,0,Yes,0,1,29.094279160599005,Overcharge,Yes,Blast
Lead-Acid,0,Yes,1,0,44.258645197421586,Normal,No,Moderate
Lithium-Ion,1,No,1,0,22.915193840875325,Over-discharge,Yes,Good
Lead-Acid,0,Yes,1,1,38.662865543683985,Overcharge,Yes,Blast
Lithium-Ion,0,No,1,0,28.498124177619914,Normal,Yes,Moderate
Lead-Acid,1,No,1,0,38.009830238811716,Normal,No,Moderate
Lead-Acid,0,No,1,0,39.953768033166995,Over-discharge,No,Blast
Lithium-Ion,1,No,0,0,30.49182154790632,Over-discharge,No,Moderate
Lead-Acid,0,Yes,0,1,25.1504198271514,Normal,Yes,Blast
Lithium-Ion,0,No,1,1,23.018884197058583,Over-discharge,No,Chance_of_Blast
Lithium-Ion,1,Yes,0,1,43.316542143597374,Normal,Yes,Chance_of_Blast
Lithium-Ion,1,Yes,1,0,32.77573416430351,Over-discharge,No,Moderate
Lead-Acid,1,Yes,1,0,45.662499626532366,Overcharge,Yes,Good
Lithium-Ion,1,No,1,1,37.56537895054715,Over-discharge,No,Chance_of_Blast
Lead-Acid,0,Yes,0,1,21.59187083711369,Over-discharge,Yes,Blast
Lithium-Ion,0,Yes,1,1,47.28375344271219,Overcharge,Yes,Chance_of_Blast
Lithium-Ion,1,Yes,1,0,27.69925664396717,Normal,No,Moderate
Lithium-Ion,0,Yes,0,0,45.63868695041245,Over-discharge,Yes,Moderate
Lead-Acid,1,No,1,1,26.880461682421622,Normal,Yes,Blast
Lithium-Ion,0,Yes,1,0,40.41197838693297,Over-discharge,Yes,Good
Lithium-Ion,1,Yes,0,1,39.069622065846644,Over-discharge,No,Chance_of_Blast
Lithium-Ion,0,Yes,1,0,31.173135593688823,Over-discharge,No,Moderate
Lead-Acid,0,No,1,0,21.273646859790468,Normal,Yes,Moderate
Lithium-Ion,1,Yes,1,0,39.269625159635,Normal,Yes,Moderate
Lithium-Ion,1,Yes,1,0,23.490351373841595,Over-discharge,No,Blast
Lead-Acid,1,Yes,1,0,39.524503637277896,Overcharge,No,Moderate
Lead-Acid,0,No,0,0,33.703819091898325,Overcharge,No,Moderate
Lithium-Ion,0,No,1,0,43.34134989916514,Normal,Yes,Moderate
Lithium-Ion,0,No,0,0,26.693041226685715,Over-discharge,No,Moderate
Lithium-Ion,1,No,1,1,39.55157368959601,Over-discharge,No,Chance_of_Blast
Lithium-Ion,0,Yes,0,1,31.378871494755344,Overcharge,No,Chance_of_Blast
Lithium-Ion,1,No,0,1,40.00625019478437,Overcharge,No,Chance_of_Blast
Lead-Acid,1,No,0,1,26.80200830117154,Overcharge,Yes,Blast
Lithium-Ion,0,Yes,1,1,37.62970991353515,Overcharge,No,Good
Lead-Acid,1,No,0,1,33.812515068431715,Normal,No,Blast
Lithium-Ion,0,No,1,1,33.96462965679479,Normal,Yes,Chance_of_Blast
Lithium-Ion,0,Yes,0,1,36.83808520820448,Normal,Yes,Chance_of_Blast
Lithium-Ion,1,Yes,1,0,31.560042814257336,Over-discharge,Yes,Good
Lithium-Ion,0,Yes,0,0,19.849077411718046,Over-discharge,Yes,Good
Lithium-Ion,1,No,0,0,46.243137932637374,Over-discharge,No,Moderate
Lead-Acid,0,Yes,1,0,39.57149937509077,Over-discharge,No,Moderate
Lead-Acid,1,Yes,0,1,33.1144626700996,Overcharge,Yes,Blast
Lithium-Ion,0,No,1,1,26.82528201307248,Overcharge,No,Chance_of_Blast
Lithium-Ion,1,No,1,1,24.715956384906217,Overcharge,No,Chance_of_Blast
Lead-Acid,1,No,1,0,41.07195781426964,Overcharge,Yes,Good
Lead-Acid,0,No,1,1,34.80544037124026,Normal,Yes,Blast
Lead-Acid,1,Yes,1,1,33.04463831054739,Overcharge,Yes,Blast
Lead-Acid,0,Yes,1,0,46.12117286871909,Over-discharge,Yes,Good
Lead-Acid,0,Yes,0,1,41.011678255840984,Normal,No,Blast
Lithium-Ion,0,Yes,0,1,45.475426601557665,Normal,Yes,Chance_of_Blast
Lead-Acid,0,Yes,1,0,37.66628849506287,Overcharge,No,Moderate
Lead-Acid,1,Yes,0,1,51.387354530689436,Normal,No,Blast
Lithium-Ion,0,Yes,1,0,27.506986012009442,Normal,Yes,Moderate
Lithium-Ion,0,Yes,1,1,25.632738593158084,Overcharge,Yes,Chance_of_Blast
Lead-Acid,0,Yes,1,0,31.162900867260475,Normal,No,Moderate
Lithium-Ion,0,Yes,1,1,36.70938575602381,Overcharge,No,Chance_of_Blast
Lithium-Ion,0,No,0,1,38.46120896514187,Overcharge,Yes,Chance_of_Blast
Lead-Acid,1,Yes,1,0,38.34133641117432,Normal,No,Moderate
Lithium-Ion,1,No,1,1,27.162787508558054,Normal,No,Chance_of_Blast
Lead-Acid,0,Yes,0,1,47.00975286846008,Overcharge,No,Blast
Lead-Acid,1,Yes,0,0,24.949712397126785,Over-discharge,No,Moderate
Lead-Acid,0,Yes,0,1,37.83365126593606,Overcharge,Yes,Blast
Lithium-Ion,1,No,1,0,24.465980627627918,Over-discharge,Yes,Chance_of_Blast
Lithium-Ion,1,No,0,1,35.67076383420844,Normal,Yes,Chance_of_Blast
Lead-Acid,1,Yes,1,0,36.164419244894866,Over-discharge,Yes,Chance_of_Blast
Lithium-Ion,1,No,1,0,31.76712017535113,Normal,Yes,Moderate
Lithium-Ion,1,Yes,1,1,40.20387478405767,Overcharge,Yes,Chance_of_Blast
Lead-Acid,0,No,1,0,39.73885156875199,Overcharge,Yes,Good
Lithium-Ion,0,Yes,1,0,31.224512252204416,Overcharge,No,Moderate
Lithium-Ion,0,No,0,1,20.216595987417413,Normal,Yes,Chance_of_Blast
Lithium-Ion,0,No,1,0,24.59264770200912,Overcharge,Yes,Good
Lithium-Ion,1,Yes,0,0,41.871194794087764,Overcharge,Yes,Good
Lead-Acid,0,Yes,1,0,45.805348259226434,Normal,Yes,Moderate
Lead-Acid,1,Yes,1,0,40.057745996826114,Overcharge,No,Moderate
Lead-Acid,1,Yes,1,1,46.55202894489514,Normal,Yes,Blast
Lithium-Ion,0,No,1,1,21.87782449676422,Over-discharge,Yes,Chance_of_Blast
Lithium-Ion,0,No,0,0,34.45536186643397,Overcharge,Yes,Good
Lithium-Ion,0,Yes,0,1,22.110417163666444,Over-discharge,No,Chance_of_Blast
Lead-Acid,0,Yes,0,1,26.190555843619208,Overcharge,No,Blast
Lead-Acid,1,No,0,1,43.48493845975108,Over-discharge,No,Blast
Lithium-Ion,1,Yes,0,1,50.53927945306182,Over-discharge,No,Chance_of_Blast
Lead-Acid,0,No,0,1,32.67968460605717,Overcharge,Yes,Blast
Lithium-Ion,1,Yes,0,1,39.08623851059586,Overcharge,Yes,Chance_of_Blast
Lead-Acid,0,No,1,1,35.53114510250588,Overcharge,No,Moderate
Lead-Acid,1,Yes,0,0,39.589079022865015,Overcharge,Yes,Good
Lead-Acid,1,No,1,0,30.332293481335324,Overcharge,No,Moderate
Lithium-Ion,0,Yes,1,0,43.581613321754865,Over-discharge,Yes,Good
Lithium-Ion,1,Yes,1,1,34.30899353338205,Overcharge,Yes,Chance_of_Blast
Lead-Acid,0,No,0,1,34.34258324453455,Overcharge,Yes,Blast
Lithium-Ion,0,Yes,1,1,25.521080963840788,Over-discharge,No,Chance_of_Blast
Lead-Acid,0,No,0,0,29.376500569486566,Over-discharge,No,Moderate
Lead-Acid,1,Yes,1,0,28.759210757311532,Overcharge,Yes,Good
Lead-Acid,1,No,0,0,39.10278322158153,Overcharge,No,Moderate
Lead-Acid,0,Yes,1,0,32.304744963828554,Overcharge,No,Moderate
Lithium-Ion,0,No,1,0,45.092832763736745,Over-discharge,Yes,Good
Lead-Acid,1,No,1,0,32.87783962080977,Over-discharge,No,Moderate
Lead-Acid,0,No,0,0,36.068644842638825,Over-discharge,No,Moderate
Lead-Acid,1,No,1,1,46.94804690804115,Over-discharge,No,Moderate
Lead-Acid,0,No,1,0,50.96595909297003,Normal,Yes,Moderate
Lead-Acid,1,Yes,0,0,48.00860976158874,Overcharge,No,Moderate
Lithium-Ion,0,No,1,1,26.872860118384615,Over-discharge,Yes,Chance_of_Blast
Lead-Acid,1,No,0,1,30.488374201878386,Normal,No,Blast
Lead-Acid,0,Yes,1,1,26.770206781663777,Normal,No,Blast
Lithium-Ion,0,No,1,1,26.1795212333233,Over-discharge,Yes,Blast
Lead-Acid,1,Yes,1,0,49.80539405125603,Normal,No,Moderate
Lead-Acid,0,No,1,1,49.91244079315795,Overcharge,No,Blast
Lead-Acid,0,Yes,1,0,41.93420399705487,Over-discharge,Yes,Good
Lithium-Ion,0,Yes,0,1,46.59929273039127,Normal,Yes,Chance_of_Blast
Lithium-Ion,0,Yes,1,0,34.76983225979239,Overcharge,No,Moderate
Lead-Acid,1,Yes,1,0,25.702941314555655,Overcharge,Yes,Good
Lithium-Ion,0,No,0,0,34.406903656987794,Overcharge,No,Moderate
Lithium-Ion,1,Yes,0,1,47.606546221241395,Normal,No,Chance_of_Blast
Lead-Acid,1,No,1,1,40.99608254849466,Normal,No,Blast
Lithium-Ion,1,No,1,1,29.08315995818233,Over-discharge,Yes,Moderate
Lead-Acid,1,No,0,0,32.25459245052197,Over-discharge,Yes,Good
Lithium-Ion,1,Yes,0,0,33.533572195120264,Overcharge,No,Moderate
Lithium-Ion,1,No,1,0,22.07529399048763,Normal,No,Moderate
Lithium-Ion,0,Yes,0,1,38.27932627355776,Over-discharge,No,Chance_of_Blast
Lithium-Ion,1,No,0,0,37.22133422086289,Over-discharge,No,Moderate
Lithium-Ion,1,Yes,0,1,39.339627550537784,Overcharge,Yes,Chance_of_Blast
Lithium-Ion,0,No,1,1,45.58949848264787,Overcharge,Yes,Chance_of_Blast
Lead-Acid,1,Yes,1,1,33.80333556543698,Overcharge,No,Blast
Lead-Acid,1,Yes,1,0,44.485369624346134,Normal,No,Moderate
Lithium-Ion,1,Yes,0,0,25.640607519518532,Overcharge,No,Moderate
Lithium-Ion,0,No,0,1,46.99252788756934,Over-discharge,No,Chance_of_Blast
Lithium-Ion,0,Yes,0,1,28.05371097312364,Normal,No,Chance_of_Blast
Lead-Acid,0,No,1,1,47.804256766113845,Overcharge,Yes,Blast
Lithium-Ion,1,Yes,0,1,21.13846782479046,Overcharge,No,Good
Lithium-Ion,0,No,0,0,45.88374931037977,Over-discharge,Yes,Good
Lithium-Ion,0,No,0,0,38.41476858891013,Over-discharge,No,Moderate
Lithium-Ion,1,Yes,1,0,27.917184169042834,Overcharge,No,Moderate
Lithium-Ion,1,No,0,1,28.049693149093255,Overcharge,Yes,Chance_of_Blast
Lead-Acid,0,No,0,0,42.884547166594096,Over-discharge,No,Moderate
Lithium-Ion,0,Yes,0,1,43.833650924259736,Normal,Yes,Chance_of_Blast
Lead-Acid,0,No,1,1,33.66906687424088,Over-discharge,No,Blast
Lead-Acid,1,No,0,1,31.793268220459662,Over-discharge,Yes,Blast
Lithium-Ion,0,No,0,1,38.58094421332318,Normal,No,Chance_of_Blast
Lithium-Ion,1,No,0,0,34.713346017752094,Over-discharge,No,Moderate
Lead-Acid,0,No,1,1,21.45604300382908,Normal,Yes,Blast
Lithium-Ion,1,No,0,1,21.217933385632993,Normal,No,Chance_of_Blast
Lead-Acid,0,Yes,0,1,47.75989521551594,Over-discharge,No,Blast
Lead-Acid,0,Yes,1,1,42.87752817291331,Over-discharge,Yes,Blast
Lead-Acid,0,Yes,0,1,27.323323972051444,Normal,Yes,Blast
Lead-Acid,1,Yes,0,1,41.696027670446725,Overcharge,Yes,Good
Lead-Acid,0,Yes,1,0,23.5354468076371,Normal,Yes,Moderate
Lead-Acid,1,Yes,1,1,22.496315865776996,Normal,Yes,Blast
Lithium-Ion,1,No,1,0,30.956083343199467,Over-discharge,Yes,Good
Lithium-Ion,1,No,1,1,34.77566264539557,Overcharge,Yes,Good
Lead-Acid,0,No,0,1,39.355506640258206,Normal,Yes,Chance_of_Blast
Lead-Acid,1,No,0,1,27.31805237483991,Over-discharge,Yes,Blast
Lithium-Ion,1,No,1,0,27.347641107750874,Normal,No,Moderate
Lithium-Ion,0,Yes,0,1,32.63387514239254,Over-discharge,Yes,Chance_of_Blast
Lithium-Ion,1,Yes,1,1,20.925668679337893,Over-discharge,Yes,Chance_of_Blast
Lead-Acid,0,Yes,1,0,44.677064957744534,Normal,Yes,Moderate
Lithium-Ion,1,Yes,1,0,40.96792457755304,Normal,Yes,Moderate
Lead-Acid,0,Yes,0,1,23.94694303452609,Normal,Yes,Blast
Lead-Acid,1,No,1,1,27.722455472990028,Normal,Yes,Blast
Lead-Acid,1,Yes,1,1,45.57063889270594,Normal,No,Blast
Lithium-Ion,0,No,1,1,35.94493640955412,Overcharge,Yes,Chance_of_Blast
Lead-Acid,0,No,1,0,30.620269398595852,Normal,No,Moderate
Lithium-Ion,0,Yes,0,0,27.983685017004337,Overcharge,Yes,Good
Lithium-Ion,0,Yes,0,1,48.841988604717216,Over-discharge,Yes,Chance_of_Blast
Lead-Acid,0,No,1,0,16.754380000548316,Normal,No,Moderate
Lead-Acid,0,Yes,0,0,38.505757919650165,Overcharge,No,Moderate
Lead-Acid,1,Yes,1,1,47.34166694087361,Over-discharge,Yes,Blast
Lithium-Ion,1,Yes,1,1,46.247924758372335,Overcharge,Yes,Chance_of_Blast
Lithium-Ion,1,No,1,0,48.87028484014538,Overcharge,Yes,Good
Lithium-Ion,0,Yes,0,1,30.679293272477132,Over-discharge,Yes,Chance_of_Blast
Lead-Acid,0,No,1,1,37.59945368308994,Over-discharge,No,Blast
Lithium-Ion,1,Yes,1,0,48.648409192140655,Normal,Yes,Moderate
Lithium-Ion,0,No,1,1,20.35069552882266,Over-discharge,No,Chance_of_Blast
Lead-Acid,0,Yes,1,1,21.042961780142388,Over-discharge,No,Blast
Lithium-Ion,1,No,0,1,41.588479848943514,Over-discharge,No,Moderate
Lead-Acid,0,Yes,1,1,37.19803496194545,Normal,Yes,Blast
Lead-Acid,0,Yes,1,0,37.79992710988228,Normal,No,Moderate
Lithium-Ion,0,No,1,0,48.44791145066598,Normal,Yes,Moderate
Lead-Acid,1,No,0,0,43.416853046910184,Over-discharge,No,Moderate
Lithium-Ion,1,No,0,1,35.94975217990954,Normal,Yes,Chance_of_Blast
Lithium-Ion,1,No,1,1,42.16062888670031,Over-discharge,Yes,Chance_of_Blast
Lithium-Ion,0,Yes,0,0,21.56184690459578,Overcharge,No,Moderate
Lead-Acid,1,No,1,1,25.255661845440507,Over-discharge,Yes,Blast
Lithium-Ion,0,Yes,1,1,22.676489360889327,Normal,Yes,Chance_of_Blast
Lithium-Ion,0,Yes,1,1,49.184512088933054,Normal,Yes,Chance_of_Blast
Lithium-Ion,0,No,1,1,39.33475896029831,Normal,No,Chance_of_Blast
Lead-Acid,1,Yes,1,0,27.77919108402122,Normal,Yes,Moderate
Lead-Acid,0,No,1,1,45.669483542432616,Normal,Yes,Blast
Lead-Acid,0,Yes,1,1,49.47112865784809,Over-discharge,Yes,Blast
Lithium-Ion,1,No,1,0,48.195011303239205,Overcharge,No,Moderate
Lithium-Ion,0,Yes,1,1,21.289337167767567,Overcharge,No,Chance_of_Blast
Lead-Acid,1,No,1,0,25.26390620503267,Over-discharge,Yes,Good
Lead-Acid,0,Yes,0,1,29.3772343930102,Over-discharge,Yes,Blast
Lead-Acid,0,No,1,1,41.453132151294525,Overcharge,Yes,Blast
Lithium-Ion,1,Yes,0,1,36.85989454202022,Normal,Yes,Chance_of_Blast
Lithium-Ion,0,Yes,0,0,25.419892665507746,Overcharge,Yes,Good
Lithium-Ion,0,No,0,0,44.076966189138574,Overcharge,No,Moderate
Lithium-Ion,1,Yes,1,1,48.974033232512525,Over-discharge,No,Moderate
Lithium-Ion,1,No,0,0,23.599056193072784,Over-discharge,Yes,Good
Lead-Acid,1,No,0,0,34.39535200714404,Overcharge,Yes,Good
Lithium-Ion,0,No,0,1,48.759226211750025,Over-discharge,Yes,Chance_of_Blast
Lead-Acid,0,No,1,1,26.256572586666174,Overcharge,Yes,Blast
Lead-Acid,1,Yes,1,0,34.61393113473923,Overcharge,Yes,Good
Lead-Acid,0,Yes,0,1,25.888878303116364,Over-discharge,No,Blast
Lead-Acid,0,Yes,0,1,29.65987003620769,Normal,Yes,Blast
Lithium-Ion,0,No,1,0,48.916766733026314,Over-discharge,Yes,Good
Lead-Acid,0,Yes,0,0,21.83031998343935,Overcharge,Yes,Good
Lead-Acid,1,No,1,1,44.317093402416845,Normal,No,Blast
Lead-Acid,1,Yes,1,0,28.683172827773454,Over-discharge,Yes,Good
Lithium-Ion,1,No,0,1,39.80802002603631,Over-discharge,Yes,Chance_of_Blast
Lead-Acid,1,No,0,0,24.21039895747391,Overcharge,No,Moderate
Lead-Acid,1,No,1,0,38.66530128007312,Overcharge,Yes,Good
Lead-Acid,0,Yes,1,0,43.77196652325245,Normal,Yes,Moderate
Lead-Acid,0,No,0,1,39.562753178943915,Overcharge,No,Blast
Lithium-Ion,0,No,0,1,20.290047031621963,Normal,Yes,Chance_of_Blast
Lithium-Ion,0,Yes,1,0,46.252894195563485,Overcharge,No,Moderate
Lead-Acid,1,No,1,1,42.66596382548721,Over-discharge,Yes,Blast
Lead-Acid,0,Yes,0,1,27.746214899132067,Overcharge,Yes,Blast
Lithium-Ion,1,No,0,0,41.51922353369904,Overcharge,Yes,Good
Lead-Acid,0,Yes,0,0,26.459822058579263,Over-discharge,Yes,Good
Lead-Acid,0,Yes,0,1,37.763936396754005,Over-discharge,No,Blast
Lead-Acid,0,No,1,1,33.6500551211131,Overcharge,No,Blast
Lithium-Ion,0,Yes,1,0,48.2362717779417,Over-discharge,No,Moderate
Lithium-Ion,0,Yes,1,1,26.032270718976722,Over-discharge,Yes,Chance_of_Blast
Lithium-Ion,0,No,1,1,23.355628316197002,Normal,No,Chance_of_Blast
Lead-Acid,1,Yes,1,0,38.92082122016667,Normal,Yes,Moderate
Lead-Acid,0,Yes,0,1,41.03620629104646,Overcharge,No,Blast
Lead-Acid,1,Yes,0,0,29.298653037103005,Overcharge,No,Moderate
Lithium-Ion,0,No,0,0,28.302685284299372,Over-discharge,No,Moderate
Lead-Acid,1,No,1,0,37.3266768812873,Normal,No,Moderate
Lithium-Ion,0,No,0,0,34.77667504842742,Overcharge,No,Chance_of_Blast
Lead-Acid,0,No,1,1,48.131978559456165,Overcharge,Yes,Blast
Lithium-Ion,1,No,1,1,35.69488984015532,Normal,Yes,Chance_of_Blast
Lithium-Ion,1,Yes,1,0,32.2581289569847,Overcharge,Yes,Good
Lead-Acid,0,No,1,1,24.73538411709572,Over-discharge,No,Blast
Lithium-Ion,1,No,0,1,40.10104703924079,Overcharge,Yes,Chance_of_Blast
Lithium-Ion,0,Yes,0,1,42.43497392461235,Overcharge,No,Chance_of_Blast
Lead-Acid,1,No,0,1,31.771862632396203,Overcharge,Yes,Blast
Lead-Acid,0,Yes,0,0,43.86700094908313,Over-discharge,No,Moderate
Lead-Acid,0,No,0,1,21.23621565548258,Over-discharge,No,Chance_of_Blast
Lead-Acid,0,Yes,0,1,22.021706759100866,Normal,No,Blast
Lead-Acid,0,Yes,0,1,33.06734936834384,Normal,No,Blast
Lead-Acid,1,No,0,1,34.79983119210804,Over-discharge,Yes,Blast
Lead-Acid,1,No,1,0,46.88531139103225,Overcharge,Yes,Good
Lithium-Ion,0,Yes,1,1,29.139995669635063,Over-discharge,Yes,Chance_of_Blast
Lead-Acid,1,Yes,1,1,19.504600319102863,Over-discharge,Yes,Blast
Lithium-Ion,0,No,1,1,47.07636375816915,Normal,No,Chance_of_Blast
Lithium-Ion,1,Yes,1,0,30.22805352369031,Normal,No,Moderate
Lithium-Ion,0,Yes,0,1,31.13342836117676,Normal,Yes,Chance_of_Blast
Lithium-Ion,0,No,0,0,44.234486980088775,Over-discharge,No,Moderate
Lead-Acid,0,No,1,0,42.8686731253376,Normal,No,Moderate
Lithium-Ion,1,No,0,0,24.364036831743825,Over-discharge,No,Moderate
Lead-Acid,1,No,1,0,30.14910603270993,Overcharge,Yes,Good
Lithium-Ion,1,Yes,0,1,19.054236152391287,Normal,Yes,Chance_of_Blast
Lithium-Ion,0,Yes,0,0,34.415833762592996,Over-discharge,No,Moderate
Lithium-Ion,0,Yes,0,1,23.845370398092136,Overcharge,Yes,Chance_of_Blast
Lead-Acid,0,Yes,1,1,26.322576129103737,Over-discharge,Yes,Blast
Lead-Acid,0,Yes,1,1,25.75592938329123,Over-discharge,Yes,Blast
Lithium-Ion,0,Yes,0,1,23.442470850687624,Overcharge,No,Chance_of_Blast
Lead-Acid,0,No,1,1,32.91147284671946,Over-discharge,Yes,Blast
Lithium-Ion,1,No,1,1,21.85871962207761,Normal,No,Chance_of_Blast
Lithium-Ion,1,No,1,1,40.862582965792896,Over-discharge,Yes,Chance_of_Blast
Lead-Acid,0,Yes,0,0,34.13244889125861,Overcharge,Yes,Good
Lead-Acid,1,Yes,1,0,28.394863935654023,Overcharge,No,Moderate
Lithium-Ion,0,No,0,0,46.99695020500943,Over-discharge,No,Moderate
Lithium-Ion,0,No,1,1,46.50780253806607,Normal,Yes,Chance_of_Blast
Lithium-Ion,1,No,1,1,39.963165774945416,Over-discharge,No,Chance_of_Blast
Lithium-Ion,0,Yes,1,1,24.020723066835096,Normal,No,Chance_of_Blast
Lithium-Ion,1,No,0,0,47.31170849307838,Over-discharge,Yes,Good
Lithium-Ion,1,No,1,0,44.45905229582117,Overcharge,Yes,Good
Lead-Acid,0,Yes,0,0,40.12817827740957,Overcharge,No,Moderate
Lead-Acid,1,No,0,1,40.74912447278718,Overcharge,No,Blast
Lithium-Ion,1,No,1,0,52.422118575437324,Normal,Yes,Moderate
Lead-Acid,1,No,0,1,19.50097578335459,Over-discharge,Yes,Blast
Lead-Acid,0,Yes,1,1,40.61523623093631,Over-discharge,No,Blast
Lead-Acid,0,No,0,0,35.47834090356143,Overcharge,Yes,Good
Lead-Acid,0,Yes,1,0,32.8841292993905,Overcharge,Yes,Good
Lithium-Ion,0,No,1,1,20.786342289775636,Over-discharge,No,Moderate
Lithium-Ion,0,Yes,0,1,40.193898605711624,Normal,No,Chance_of_Blast
Lead-Acid,1,Yes,1,0,39.49859670179429,Normal,No,Moderate
Lithium-Ion,0,No,1,1,32.9524839258836,Normal,Yes,Chance_of_Blast
Lithium-Ion,0,Yes,1,0,46.78406776397888,Normal,No,Moderate
Lithium-Ion,1,Yes,1,1,46.33946076096532,Normal,No,Chance_of_Blast
Lead-Acid,0,No,1,0,50.26035237011401,Overcharge,No,Moderate
Lithium-Ion,1,Yes,1,0,40.91879999413305,Overcharge,No,Moderate
Lithium-Ion,0,No,1,0,27.714351615332703,Over-discharge,No,Moderate
Lithium-Ion,0,Yes,1,0,20.609049904121807,Overcharge,No,Moderate
Lithium-Ion,1,No,0,1,39.31435892693359,Overcharge,No,Chance_of_Blast
Lithium-Ion,1,Yes,0,1,43.656947053088075,Normal,No,Chance_of_Blast
Lithium-Ion,0,Yes,0,1,34.346421262816,Normal,Yes,Chance_of_Blast
Lead-Acid,0,No,1,1,24.565968423684733,Over-discharge,No,Blast
Lithium-Ion,1,No,1,1,43.62820334010639,Over-discharge,No,Chance_of_Blast
Lithium-Ion,0,Yes,1,1,25.971412552671296,Normal,No,Chance_of_Blast
Lithium-Ion,0,Yes,1,0,38.36093992558109,Overcharge,No,Moderate
Lead-Acid,0,Yes,0,1,18.911181775925062,Normal,Yes,Blast
Lithium-Ion,1,Yes,0,0,48.483738377285164,Over-discharge,Yes,Good
Lead-Acid,0,Yes,1,0,40.939140539713726,Over-discharge,No,Moderate
Lithium-Ion,0,No,1,1,37.814466886265876,Overcharge,Yes,Good
Lithium-Ion,1,Yes,0,1,35.94232076273802,Overcharge,No,Chance_of_Blast
Lead-Acid,0,Yes,1,0,29.90448477187752,Over-discharge,Yes,Good
Lithium-Ion,1,Yes,1,0,26.99189268953909,Normal,Yes,Moderate
Lithium-Ion,1,No,0,0,43.489422413413834,Overcharge,No,Moderate
Lead-Acid,1,Yes,1,0,36.25912207273821,Overcharge,No,Moderate
Lithium-Ion,0,No,1,0,44.18196263349772,Normal,No,Moderate
Lithium-Ion,1,No,1,0,29.58711262393106,Over-discharge,No,Moderate
Lead-Acid,0,No,1,0,43.01778521178722,Normal,Yes,Moderate
Lead-Acid,1,Yes,1,1,44.70485404730938,Normal,No,Blast
Lead-Acid,0,Yes,0,1,37.782519091544685,Overcharge,Yes,Blast
Lead-Acid,0,No,0,1,42.916133060216204,Normal,No,Good
Lead-Acid,0,No,1,1,40.07502935017319,Overcharge,No,Blast
Lithium-Ion,0,No,0,1,35.33864400290656,Over-discharge,Yes,Chance_of_Blast
Lithium-Ion,0,No,1,1,21.79064830750813,Overcharge,No,Chance_of_Blast
Lead-Acid,0,Yes,1,1,30.52555113768514,Overcharge,No,Blast
Lithium-Ion,0,Yes,1,0,30.6388458095221,Normal,Yes,Moderate
Lithium-Ion,0,Yes,1,0,41.94471161890152,Normal,No,Moderate
Lead-Acid,0,No,1,0,24.407629147760044,Normal,Yes,Moderate
Lithium-Ion,0,Yes,1,0,37.887815815326086,Normal,No,Blast
Lead-Acid,0,No,1,1,38.932385209798575,Overcharge,No,Blast
Lead-Acid,1,No,1,0,30.012930819560477,Overcharge,No,Moderate
Lithium-Ion,0,No,0,1,39.491859947465535,Over-discharge,No,Chance_of_Blast
Lithium-Ion,1,Yes,1,0,48.48621689505955,Overcharge,Yes,Good
Lead-Acid,0,Yes,0,1,46.780441413163366,Normal,Yes,Blast
Lead-Acid,0,Yes,1,0,40.40599713797363,Overcharge,No,Moderate
Lead-Acid,0,No,1,0,47.72994732707501,Normal,No,Moderate
Lead-Acid,1,No,1,0,27.59673266132328,Overcharge,Yes,Good
Lithium-Ion,1,Yes,0,0,25.786102853686884,Overcharge,Yes,Good
Lithium-Ion,1,No,1,0,27.000340359061845,Over-discharge,Yes,Good
Lithium-Ion,1,No,1,1,42.675086912625055,Overcharge,Yes,Chance_of_Blast
Lithium-Ion,0,Yes,0,1,43.52975511397046,Over-discharge,Yes,Moderate
Lead-Acid,1,No,1,1,42.80997053817558,Normal,Yes,Blast
Lithium-Ion,1,No,0,0,35.39887059207379,Over-discharge,No,Moderate
Lithium-Ion,0,No,0,1,37.78234075247617,Over-discharge,No,Chance_of_Blast
Lead-Acid,1,No,0,0,33.876770695420845,Overcharge,Yes,Good
Lithium-Ion,1,Yes,1,0,36.65624276587684,Normal,No,Moderate
Lead-Acid,0,No,0,0,40.50205969236828,Over-discharge,No,Moderate
Lead-Acid,0,Yes,0,0,23.926505452863175,Over-discharge,No,Moderate
Lead-Acid,0,Yes,0,1,36.34873786648449,Normal,No,Blast
Lead-Acid,1,No,1,1,18.028121495320853,Normal,Yes,Blast
Lead-Acid,1,No,1,1,23.634594886394538,Overcharge,Yes,Blast
Lithium-Ion,0,No,1,0,30.649503261834916,Normal,No,Moderate
Lead-Acid,1,Yes,0,0,21.84760139342263,Overcharge,Yes,Good
Lead-Acid,0,Yes,1,0,24.996076622994302,Over-discharge,Yes,Good
Lead-Acid,1,Yes,1,1,35.76940349029566,Normal,Yes,Blast
Lead-Acid,0,No,1,0,22.901466330484045,Normal,Yes,Moderate
Lead-Acid,0,Yes,0,1,47.73307738931399,Overcharge,No,Blast
Lead-Acid,1,Yes,0,1,21.5455572179103,Over-discharge,Yes,Blast
Lithium-Ion,1,Yes,0,0,33.94326728492441,Over-discharge,No,Moderate
Lead-Acid,1,Yes,0,0,43.219904215434084,Over-discharge,Yes,Good
Lithium-Ion,1,Yes,1,0,41.04997664663337,Over-discharge,No,Moderate
Lead-Acid,1,Yes,1,0,50.850410179253636,Overcharge,Yes,Good
Lead-Acid,1,No,0,0,28.97557749669131,Overcharge,No,Moderate
Lithium-Ion,0,No,1,0,35.177373751627165,Overcharge,No,Moderate
Lithium-Ion,1,Yes,1,1,43.702459791361804,Normal,Yes,Chance_of_Blast
Lead-Acid,1,Yes,1,0,50.85674969397575,Normal,Yes,Moderate
Lead-Acid,1,Yes,1,0,48.54604000456803,Normal,Yes,Moderate
Lead-Acid,1,No,0,0,47.76796775076584,Over-discharge,Yes,Good
Lead-Acid,1,No,0,0,48.694427460857796,Over-discharge,Yes,Moderate
Lithium-Ion,1,No,0,0,25.027504669609083,Over-discharge,No,Moderate
Lithium-Ion,0,No,1,0,22.470911014096234,Over-discharge,No,Moderate
Lead-Acid,1,Yes,0,1,47.931976306613045,Normal,Yes,Blast
Lead-Acid,1,No,1,1,34.66149627905869,Overcharge,Yes,Blast
Lithium-Ion,1,No,1,1,43.67849750353174,Over-discharge,No,Chance_of_Blast
Lithium-Ion,0,No,1,1,25.580571165441782,Normal,No,Chance_of_Blast
Lead-Acid,1,No,0,0,22.149260272576527,Overcharge,Yes,Good
Lithium-Ion,0,No,1,1,30.782592234201623,Overcharge,Yes,Chance_of_Blast
Lithium-Ion,1,Yes,1,1,37.997649975002034,Normal,No,Chance_of_Blast
Lithium-Ion,0,No,1,0,48.84049829526434,Overcharge,Yes,Good
Lithium-Ion,1,Yes,0,0,36.42375204867656,Overcharge,Yes,Good
Lithium-Ion,0,Yes,1,1,18.667050866793936,Normal,Yes,Chance_of_Blast
Lithium-Ion,0,Yes,1,0,33.191509874074015,Overcharge,No,Moderate
Lithium-Ion,0,No,1,1,21.33525708656605,Over-discharge,No,Chance_of_Blast
Lead-Acid,1,Yes,1,1,26.68186272014262,Normal,Yes,Blast
Lead-Acid,1,Yes,1,0,46.39768224391402,Normal,No,Moderate
Lead-Acid,1,No,0,1,36.04759775247492,Overcharge,No,Blast
Lithium-Ion,1,No,0,1,20.29349738148107,Over-discharge,No,Chance_of_Blast
Lithium-Ion,0,Yes,0,1,31.404698596345494,Over-discharge,Yes,Chance_of_Blast
Lead-Acid,0,No,0,0,46.84650965923358,Overcharge,Yes,Good
Lithium-Ion,0,Yes,0,1,42.50120411577744,Over-discharge,Yes,Chance_of_Blast
Lead-Acid,1,No,0,0,44.40207085785985,Overcharge,No,Moderate
Lead-Acid,0,No,1,1,27.583719435996755,Overcharge,Yes,Blast
Lithium-Ion,1,No,0,1,26.904511257398667,Normal,No,Chance_of_Blast
Lead-Acid,0,No,0,0,24.250484076374107,Over-discharge,No,Moderate
Lithium-Ion,1,Yes,0,1,37.114211671695465,Overcharge,No,Chance_of_Blast
Lithium-Ion,1,Yes,1,1,32.60962596003125,Normal,Yes,Chance_of_Blast
Lithium-Ion,1,Yes,1,1,44.57601363508371,Over-discharge,Yes,Chance_of_Blast
Lead-Acid,1,Yes,0,0,38.10124069350313,Over-discharge,No,Moderate
Lithium-Ion,1,Yes,1,0,43.75526100500022,Normal,Yes,Moderate
Lead-Acid,0,No,0,0,47.130020313204916,Overcharge,Yes,Good
Lithium-Ion,0,Yes,1,0,48.06245770018627,Overcharge,No,Moderate
Lithium-Ion,0,Yes,0,1,45.416526585171155,Overcharge,No,Chance_of_Blast
Lithium-Ion,0,No,1,1,43.837580792791265,Normal,Yes,Chance_of_Blast
Lithium-Ion,1,No,0,0,48.210817109147314,Over-discharge,No,Moderate
Lithium-Ion,1,Yes,0,0,32.553536427541026,Over-discharge,No,Moderate
Lead-Acid,0,No,1,1,45.55885567782261,Over-discharge,No,Blast
Lithium-Ion,1,Yes,1,0,26.941293104457177,Overcharge,Yes,Good
Lithium-Ion,1,Yes,0,1,23.12427552218361,Normal,Yes,Chance_of_Blast
Lead-Acid,0,No,1,0,30.376662914224596,Normal,Yes,Moderate
Lead-Acid,0,Yes,0,1,51.69826246396313,Overcharge,Yes,Blast
Lithium-Ion,0,Yes,1,1,30.43444254416944,Overcharge,Yes,Chance_of_Blast
Lead-Acid,0,No,1,0,41.11819081643091,Over-discharge,Yes,Good
Lithium-Ion,0,Yes,1,1,30.262524649156987,Normal,Yes,Chance_of_Blast
Lead-Acid,1,No,0,1,32.54653521666695,Overcharge,Yes,Blast
Lead-Acid,0,Yes,1,0,26.252438376202267,Normal,No,Moderate
Lead-Acid,0,No,1,0,34.19297335902285,Overcharge,Yes,Good
Lead-Acid,0,No,1,1,24.029207610153687,Overcharge,No,Blast
Lithium-Ion,1,Yes,0,0,40.405944765176315,Overcharge,No,Moderate
Lithium-Ion,0,No,1,1,28.690130305696222,Over-discharge,No,Chance_of_Blast
Lithium-Ion,1,No,1,0,35.74542120377342,Over-discharge,Yes,Good
Lead-Acid,0,No,1,1,37.65107521145197,Normal,No,Blast
Lithium-Ion,0,Yes,1,1,49.33649813535493,Over-discharge,Yes,Chance_of_Blast
Lithium-Ion,0,No,1,0,28.14292397597558,Overcharge,Yes,Good
Lead-Acid,0,No,1,0,41.800562972063496,Over-discharge,No,Moderate
Lead-Acid,0,No,1,1,25.406806683485275,Normal,Yes,Blast
Lithium-Ion,0,No,1,0,27.210223721583905,Normal,Yes,Moderate
Lithium-Ion,0,Yes,1,1,32.28921984515402,Overcharge,Yes,Chance_of_Blast
Lead-Acid,0,No,1,0,48.58644152719926,Normal,Yes,Moderate
Lead-Acid,0,No,1,0,41.34244784877284,Overcharge,Yes,Good
Lithium-Ion,0,No,1,0,34.85246120394573,Normal,No,Moderate
Lithium-Ion,0,No,1,1,20.99272864162819,Normal,Yes,Chance_of_Blast
Lead-Acid,1,No,0,0,23.457417718248344,Over-discharge,Yes,Good
Lithium-Ion,1,Yes,0,1,40.32980853362015,Normal,Yes,Chance_of_Blast
Lithium-Ion,0,No,0,1,19.308431791620475,Over-discharge,No,Chance_of_Blast
Lead-Acid,0,Yes,1,1,22.454243144068624,Overcharge,No,Blast
Lithium-Ion,1,No,1,1,38.88111430137977,Over-discharge,Yes,Chance_of_Blast
Lithium-Ion,1,Yes,0,0,19.10653001521033,Overcharge,No,Moderate
Lead-Acid,0,No,0,1,29.237637377053215,Overcharge,Yes,Blast
Lithium-Ion,0,Yes,1,0,46.276099485892715,Normal,No,Moderate
Lithium-Ion,1,No,0,1,47.71652220271225,Overcharge,Yes,Chance_of_Blast
Lithium-Ion,0,Yes,0,0,29.675606003260736,Over-discharge,Yes,Good
Lead-Acid,1,No,1,0,27.08098917272184,Over-discharge,No,Moderate
Lithium-Ion,0,No,1,1,27.332331435635318,Over-discharge,No,Chance_of_Blast
Lead-Acid,0,No,0,0,38.641612108626305,Over-discharge,No,Moderate
Lithium-Ion,0,No,1,1,45.51545301423139,Over-discharge,Yes,Chance_of_Blast
Lead-Acid,0,Yes,1,1,40.325741790331115,Normal,No,Blast
Lithium-Ion,1,No,1,0,35.01232386967984,Over-discharge,No,Moderate
Lithium-Ion,1,Yes,0,1,23.743809695701337,Normal,Yes,Chance_of_Blast
Lithium-Ion,1,No,0,1,32.24072347564756,Normal,No,Chance_of_Blast
Lithium-Ion,1,Yes,1,1,20.63122953176758,Normal,Yes,Chance_of_Blast
Lithium-Ion,0,No,0,1,42.132126994865885,Overcharge,No,Chance_of_Blast
Lead-Acid,1,Yes,1,1,44.26850529977177,Overcharge,No,Blast
Lithium-Ion,1,Yes,0,1,29.147880434201994,Over-discharge,No,Chance_of_Blast
Lithium-Ion,0,Yes,1,0,33.82666459208579,Normal,No,Moderate
Lead-Acid,0,No,1,0,26.076101157764622,Overcharge,No,Good
Lithium-Ion,0,Yes,1,1,48.3784661195361,Overcharge,Yes,Chance_of_Blast
Lead-Acid,0,No,0,1,25.663005403767077,Overcharge,No,Blast
Lead-Acid,1,No,0,1,31.392535271097078,Normal,No,Blast
Lead-Acid,0,Yes,0,0,48.777152574408504,Over-discharge,No,Moderate
Lead-Acid,0,No,0,0,22.1052352599029,Over-discharge,No,Moderate
Lithium-Ion,1,Yes,0,1,33.58543764949707,Overcharge,Yes,Chance_of_Blast
Lead-Acid,1,Yes,1,0,28.458654366159074,Over-discharge,Yes,Good
Lead-Acid,1,No,1,1,21.72096683289767,Overcharge,No,Blast
Lead-Acid,1,Yes,1,1,35.73744440414069,Over-discharge,Yes,Blast
Lithium-Ion,0,Yes,1,1,21.413227440791783,Over-discharge,Yes,Chance_of_Blast
Lead-Acid,1,No,1,1,22.744535235288517,Normal,Yes,Chance_of_Blast
Lead-Acid,1,No,1,0,21.547138079072077,Normal,No,Moderate
Lead-Acid,0,Yes,0,1,19.671238302132856,Over-discharge,Yes,Blast
Lead-Acid,1,Yes,0,1,21.301253781095216,Over-discharge,No,Blast
Lead-Acid,1,No,1,1,32.05029935841276,Overcharge,No,Blast
Lithium-Ion,0,Yes,1,0,42.115839719739,Over-discharge,Yes,Good
Lead-Acid,1,Yes,0,0,48.16616356283203,Over-discharge,No,Moderate
Lead-Acid,0,No,1,0,29.5306968674795,Overcharge,Yes,Good
Lithium-Ion,1,Yes,0,1,20.06644402044818,Normal,No,Chance_of_Blast
Lithium-Ion,0,No,0,1,20.829445580922574,Over-discharge,No,Chance_of_Blast
Lead-Acid,0,No,1,1,44.973089626257334,Overcharge,Yes,Blast
Lead-Acid,1,Yes,1,0,36.253402035035116,Normal,No,Moderate
Lithium-Ion,1,Yes,1,0,40.29092424455337,Overcharge,No,Moderate
Lead-Acid,0,No,1,0,42.440524967326255,Over-discharge,Yes,Good
Lead-Acid,1,Yes,1,1,30.197204263347004,Overcharge,Yes,Blast
Lithium-Ion,0,Yes,0,1,40.41950217300113,Over-discharge,No,Chance_of_Blast
Lithium-Ion,0,Yes,1,1,35.620430090489315,Overcharge,No,Chance_of_Blast
Lead-Acid,1,No,1,0,24.914833585713293,Over-discharge,No,Moderate
Lead-Acid,0,Yes,0,1,26.186297789957838,Normal,No,Blast
Lead-Acid,1,Yes,1,0,36.868428036291,Overcharge,Yes,Good
Lead-Acid,1,No,1,0,20.71164902043752,Over-discharge,No,Moderate
Lead-Acid,0,No,0,1,34.202149906645644,Over-discharge,No,Blast
Lead-Acid,0,Yes,0,0,26.77063250625237,Over-discharge,Yes,Good
Lithium-Ion,1,No,0,1,18.102192226488494,Overcharge,Yes,Chance_of_Blast
Lead-Acid,0,No,0,0,40.2267811901284,Over-discharge,Yes,Good
Lead-Acid,1,No,1,1,42.980610755154956,Normal,Yes,Blast
Lithium-Ion,1,Yes,1,1,46.117714081043744,Overcharge,Yes,Chance_of_Blast
Lead-Acid,1,No,1,0,35.46722969282939,Over-discharge,Yes,Good
Lithium-Ion,0,Yes,1,1,49.09563034254691,Over-discharge,No,Chance_of_Blast
Lithium-Ion,0,No,1,0,36.21039858402676,Over-discharge,Yes,Good
Lead-Acid,1,Yes,0,1,42.34785458103543,Overcharge,No,Blast
Lithium-Ion,0,Yes,0,1,39.515823297116874,Normal,No,Chance_of_Blast
Lead-Acid,1,No,1,1,42.644246412370975,Over-discharge,No,Blast
Lithium-Ion,1,Yes,0,1,18.831767234556615,Overcharge,No,Chance_of_Blast
Lithium-Ion,1,No,0,1,49.171171329391086,Overcharge,Yes,Chance_of_Blast
Lead-Acid,1,No,0,1,47.102764811422716,Overcharge,No,Blast
Lithium-Ion,0,No,0,1,20.576095661608463,Normal,Yes,Chance_of_Blast
Lithium-Ion,1,No,1,0,48.48358591425342,Over-discharge,No,Moderate
Lithium-Ion,1,No,0,1,34.66191497964341,Over-discharge,Yes,Chance_of_Blast
Lithium-Ion,1,Yes,1,0,42.28120885024026,Over-discharge,Yes,Good
Lithium-Ion,1,Yes,0,0,43.21756256846675,Over-discharge,Yes,Good
Lead-Acid,1,No,0,0,26.018763839346278,Over-discharge,No,Moderate
Lead-Acid,1,No,0,0,49.29827251871468,Overcharge,Yes,Good
Lithium-Ion,1,Yes,1,0,46.74645766006248,Normal,Yes,Moderate
Lead-Acid,0,Yes,1,0,42.232462717991595,Overcharge,Yes,Good
Lithium-Ion,1,Yes,0,1,29.617907372018927,Over-discharge,Yes,Chance_of_Blast
Lead-Acid,0,Yes,0,1,39.47719112316095,Normal,No,Moderate
Lead-Acid,0,Yes,1,0,28.754261286830697,Overcharge,Yes,Good
Lead-Acid,0,No,1,0,35.39190302316284,Over-discharge,No,Moderate
Lead-Acid,1,Yes,1,1,46.30843722942166,Over-discharge,No,Blast
Lithium-Ion,0,Yes,0,0,18.941039060278452,Over-discharge,No,Moderate
Lead-Acid,0,No,1,1,49.630422819683794,Overcharge,Yes,Blast
Lithium-Ion,1,No,0,1,40.23493903869027,Over-discharge,Yes,Chance_of_Blast
Lead-Acid,0,Yes,0,1,42.576833404092206,Overcharge,Yes,Blast
Lithium-Ion,0,Yes,1,0,41.83371504110324,Normal,No,Moderate
Lead-Acid,0,Yes,0,0,42.94697926769994,Overcharge,Yes,Good
Lithium-Ion,1,No,1,1,40.380562319747625,Over-discharge,No,Chance_of_Blast
Lead-Acid,0,Yes,1,1,26.541655969867314,Overcharge,No,Moderate
Lithium-Ion,1,Yes,1,0,39.503608916071954,Normal,No,Moderate
Lithium-Ion,0,Yes,1,1,51.99875136524173,Over-discharge,No,Chance_of_Blast
Lead-Acid,1,No,1,0,33.373936439641675,Overcharge,Yes,Good
Lithium-Ion,0,Yes,1,1,42.83319796978395,Overcharge,No,Chance_of_Blast
Lithium-Ion,1,No,0,0,40.809468641811485,Over-discharge,Yes,Good
Lithium-Ion,0,Yes,0,0,40.51328450946178,Over-discharge,Yes,Good
Lithium-Ion,0,No,1,0,42.72843738788475,Overcharge,Yes,Good
Lead-Acid,0,Yes,1,1,32.440479597112606,Normal,No,Blast
Lithium-Ion,1,No,0,1,40.79672088250908,Overcharge,Yes,Chance_of_Blast
Lithium-Ion,1,No,1,1,26.92844257770962,Overcharge,Yes,Chance_of_Blast
Lead-Acid,0,No,1,0,45.550080580372494,Over-discharge,Yes,Good
Lithium-Ion,1,No,0,1,43.44810132676036,Normal,No,Chance_of_Blast
Lead-Acid,0,Yes,0,1,27.05946716689678,Over-discharge,Yes,Blast
Lithium-Ion,0,No,0,1,32.00115379850336,Over-discharge,Yes,Chance_of_Blast
Lead-Acid,0,No,1,0,50.384841241671865,Normal,Yes,Moderate
Lithium-Ion,0,Yes,0,0,24.582281929675045,Overcharge,No,Moderate
Lithium-Ion,0,Yes,0,1,28.810311513815734,Normal,Yes,Chance_of_Blast
Lead-Acid,0,Yes,0,1,25.46781837579013,Normal,Yes,Blast
Lead-Acid,1,No,0,1,29.74592491880311,Overcharge,Yes,Good
Lithium-Ion,1,No,0,1,29.062483282672236,Normal,No,Chance_of_Blast
Lithium-Ion,0,No,0,0,34.63814690506941,Overcharge,Yes,Good
Lithium-Ion,1,No,0,1,26.1543130760477,Overcharge,No,Chance_of_Blast
Lead-Acid,0,Yes,1,0,24.246986666168763,Normal,No,Moderate
Lead-Acid,0,No,0,0,32.443054303140265,Overcharge,Yes,Good
Lithium-Ion,1,Yes,1,1,42.65945496285982,Normal,No,Chance_of_Blast
Lithium-Ion,1,Yes,0,1,28.58699118726425,Normal,No,Moderate
Lithium-Ion,0,No,0,0,31.902183428036704,Overcharge,Yes,Blast
Lithium-Ion,0,Yes,1,1,22.207796452339828,Over-discharge,Yes,Chance_of_Blast
Lead-Acid,1,No,0,0,22.97584880240223,Overcharge,Yes,Good
Lithium-Ion,1,Yes,0,0,43.43795196777844,Over-discharge,No,Moderate
Lithium-Ion,0,No,0,0,38.53413415770009,Over-discharge,No,Moderate
Lithium-Ion,0,Yes,1,0,41.71917317063228,Normal,No,Moderate
Lead-Acid,1,Yes,0,1,47.06100159264311,Overcharge,No,Good
Lithium-Ion,0,Yes,0,1,20.563043566475013,Normal,No,Chance_of_Blast
Lithium-Ion,0,Yes,0,1,33.429465473316306,Normal,No,Chance_of_Blast
Lead-Acid,1,No,0,0,41.16058569135544,Over-discharge,Yes,Good
Lithium-Ion,1,Yes,1,1,42.8219736710782,Overcharge,Yes,Chance_of_Blast
Lead-Acid,0,No,1,0,34.72883555356773,Overcharge,Yes,Good
Lithium-Ion,0,No,0,0,19.684557787186506,Overcharge,No,Moderate
Lithium-Ion,0,No,1,0,39.705437601768914,Over-discharge,No,Moderate
Lithium-Ion,0,No,1,0,38.58207953931409,Over-discharge,Yes,Good
Lead-Acid,1,Yes,0,1,18.23615910965863,Overcharge,No,Blast
Lead-Acid,1,Yes,0,1,22.879446857935164,Overcharge,Yes,Blast
Lead-Acid,1,No,1,0,33.95029742464412,Over-discharge,Yes,Good
Lithium-Ion,0,No,1,0,30.21520104423613,Overcharge,No,Moderate
Lead-Acid,1,Yes,0,1,39.37080522862904,Over-discharge,Yes,Blast
Lead-Acid,0,No,0,1,26.565673399873752,Normal,No,Blast
Lead-Acid,0,No,1,0,22.683950208142452,Normal,Yes,Moderate
Lead-Acid,0,No,0,0,31.670749555916164,Over-discharge,No,Moderate
Lithium-Ion,0,Yes,1,1,20.706287132755747,Normal,No,Chance_of_Blast
Lithium-Ion,1,Yes,0,0,48.47184135231663,Over-discharge,No,Moderate
Lead-Acid,0,Yes,1,1,19.026329871520392,Normal,No,Blast
Lithium-Ion,0,Yes,1,1,47.39219902203876,Over-discharge,No,Blast
Lead-Acid,0,Yes,1,0,23.69438943151385,Over-discharge,Yes,Good
Lithium-Ion,1,Yes,0,0,32.371986446071254,Over-discharge,No,Moderate
Lead-Acid,1,No,1,0,22.921379406508187,Overcharge,Yes,Good
Lead-Acid,0,No,0,0,30.391904723004117,Over-discharge,No,Moderate
Lithium-Ion,1,No,0,1,26.001819036872032,Normal,No,Chance_of_Blast
Lead-Acid,1,Yes,1,1,45.49926431243169,Overcharge,Yes,Blast
Lithium-Ion,0,No,1,1,45.67835205243005,Overcharge,Yes,Chance_of_Blast
Lead-Acid,1,Yes,1,0,22.187790224332602,Normal,No,Moderate
Lead-Acid,1,No,1,1,32.994938339314,Over-discharge,No,Blast
Lithium-Ion,1,No,1,1,34.769932131403436,Normal,Yes,Chance_of_Blast
Lithium-Ion,1,No,0,0,31.82302505566271,Over-discharge,No,Moderate
Lead-Acid,1,Yes,0,1,41.690412566847016,Over-discharge,No,Blast
Lithium-Ion,1,Yes,0,1,32.755744836819765,Over-discharge,Yes,Chance_of_Blast
Lithium-Ion,0,No,1,1,41.151743059890784,Overcharge,No,Chance_of_Blast
Lead-Acid,0,No,0,1,38.750219899445014,Normal,No,Blast
Lithium-Ion,0,No,1,1,21.691492968620047,Over-discharge,Yes,Chance_of_Blast
Lithium-Ion,1,No,0,1,40.255558971703316,Normal,Yes,Chance_of_Blast
Lithium-Ion,1,Yes,1,1,27.933206034564265,Overcharge,Yes,Chance_of_Blast
Lead-Acid,1,Yes,1,0,34.67369026616133,Overcharge,No,Moderate
Lithium-Ion,1,Yes,1,0,43.75351117658359,Normal,No,Moderate
Lead-Acid,0,No,0,0,45.1283988092466,Over-discharge,Yes,Good
Lead-Acid,1,No,1,0,21.06219438947242,Normal,Yes,Moderate
Lithium-Ion,0,No,1,0,41.9504283309403,Overcharge,Yes,Good
Lead-Acid,0,No,0,1,38.073629544377596,Over-discharge,Yes,Blast
Lithium-Ion,1,Yes,1,0,37.61727518026592,Over-discharge,Yes,Good
Lithium-Ion,1,No,0,1,51.48194683517806,Normal,Yes,Chance_of_Blast
Lithium-Ion,0,Yes,1,1,42.97444609949557,Overcharge,Yes,Chance_of_Blast
Lithium-Ion,0,Yes,0,1,38.06870916765905,Normal,Yes,Chance_of_Blast
Lead-Acid,1,Yes,0,1,33.04147737310542,Normal,Yes,Blast
Lead-Acid,0,Yes,1,1,32.317383343695006,Normal,No,Blast
Lead-Acid,1,Yes,0,1,39.24810332061229,Over-discharge,Yes,Blast
Lead-Acid,1,Yes,1,0,31.9812986820306,Normal,Yes,Moderate
Lithium-Ion,1,No,0,1,25.002202278577393,Overcharge,No,Chance_of_Blast
Lithium-Ion,0,No,0,1,44.666082995889916,Over-discharge,No,Chance_of_Blast
